niveles,supcubiert,escanexo,escnom,esccodpos,escdom,esctel,escemail,escfeccre,PosX,PosY,X_WGS,Y_WGS
Jardines Maternales SEOS,"0.000000",C259,SOLES (SOLCITO),"0.000000","MUNICENTRO GIMNASIO N¬∞ 5, B¬∞ ALTO MENDOZ","4308230",,,-68.9040,-32.8870,-68.903960,-32.887400
Jardines Maternales SEOS,"0.000000",C257,ATRAPASUE√?OS,"0.000000","SICENRIDAD Y RIVADAVIA, B¬∞ NUEVA ESPERAN","4459599",elenistica@yahoo.com.ar,,-68.9100,-32.8860,-68.910870,-32.886180
Jardines Maternales SEOS,"0.000000",C256,INFANCIA,"0.000000","CALLE PRINCIPAL (ACCESO AUTODROMO), CASA","4316747",,,-68.9050,-32.8890,-68.905420,-32.889440
Jardines Maternales SEOS,"0.000000",C260,"APRENDER, CIC FLORES SUR","0.000000",FRATERNIDAD S/N,,,,-68.8700,-32.8750,-68.870200,-32.875120
Jardines Maternales SEOS,"0.000000",C258,SAN FRANCISCO DE ASIS,"0.000000","PRIMERO DE MAYO S/N, M17 C5, B¬∞ ANDINO","4446673",,,-68.9130,-32.8880,-68.913820,-32.887980
Privadas Primarias,"0.000000",P003,SAN BUENAVENTURA,"5500.000000",PATRICIAS MENDOCINAS 1475,0261-4253337,dgeP003@mendoza.edu.ar,1753/01/01,-68.8420,-32.8860,-68.842010,-32.886250
Privadas Secundarias,"0.000000",S003,SAN BUENAVENTURA,"5500.000000",PATRICIAS MENDOCINAS 1475,0261-4253337,dgeS003@mendoza.edu.ar,1946/02/12,-68.8420,-32.8860,-68.842090,-32.886020
EGB3 y Polimodal,"0.000000","4137",Nieves del Aconcagua,"5500.000000",Paso de los Andes y Manuel A. Saez,0261-4201432,dge4137@mendoza.edu.ar,1994/03/01,-68.8590,-32.8940,-68.859660,-32.894120
Privadas Primarias,"0.000000",P046,I.C.E.I.,"5500.000000",GRAL. PAZ 531,0261-4230412,dgeP046@mendoza.edu.ar,1957/08/27,-68.8450,-32.8830,-68.844980,-32.883840
Privadas Secundarias,"0.000000",S046,I.C.E.I   INSTITUTO CUYANO DE ED. INTEGR,"5500.000000",GRAL PAZ 531,0261-4252102,dgeS046@mendoza.edu.ar,1957/08/27,-68.8440,-32.8830,-68.844870,-32.883880
Privadas Secundarias,"0.000000",S002,MARIA AUXILIADORA,"5500.000000",25 DE MAYO 1466,0261-4380671,dgeS002@mendoza.edu.ar,1937/02/23,-68.8460,-32.8850,-68.846590,-32.885060
Privadas Primarias,"0.000000",P002,MARIA AUXILIADORA,"5500.000000",25 DE MAYO 1466,0261-4380671,dgeP002@mendoza.edu.ar,1753/01/01,-68.8460,-32.8850,-68.846370,-32.885500
Privadas Secundarias,"0.000000",S014,XXI DE ABRIL,"5500.000000",ESPEJO 638,0261-4257613,dgeS014@mendoza.edu.ar,1983/03/01,-68.8470,-32.8880,-68.847430,-32.888210
Privadas Primarias,"0.000000",P225,LUMEN DE SAN JOSE DE CALASANZ,"5500.000000",JOSE FEDERICO MORENO 2961,0261-4303907,,1995/11/01,-68.8310,-32.8690,-68.831680,-32.868990
EGB3 y Polimodal,"4774.610000","4083",AGUSTIN ALVAREZ,"5500.000000",CHILE 1050,0261-4239426,dge4083@mendoza.edu.ar,1964/12/09,-68.8460,-32.8900,-68.846470,-32.890220
EGB3 y Polimodal,"4774.610000","4085",ALFREDO R.BUFANO,"5500.000000",CHILE 1050,0261-4236447,dge4085@mendoza.edu.ar,1937/03/12,-68.8460,-32.8900,-68.846240,-32.890070
CENS,"4774.610000","3409",CHIARA LUBICH,"5500.000000",PELLEGRINI 671,0261-4258059,dge3409@mendoza.edu.ar,1970/07/27,-68.8420,-32.8720,-68.842480,-32.872510
Privadas Secundarias,"0.000000",S121,INSTITUTO BLOSSOM,"5500.000000",CHILE Y MONTEVIDEO,0261-4236155,dgeS121@mendoza.edu.ar,1900/01/01,-68.8460,-32.8910,-68.846880,-32.891900
Escuelas Normales,"8488.830000","9030",TOMAS G.CRUZ,"5500.000000",MITRE 955,0261-4296763,dge9030@mendoza.edu.ar,1925/01/01,-68.8440,-32.8910,-68.844770,-32.891210
Terciarios,"8488.830000",T002,NORMAL SUP. TOMAS GODOY CRUZ,"5500.000000",MITRE 929,0261-4296559,dgeT002@mendoza.edu.ar,1900/01/01,-68.8440,-32.8910,-68.844330,-32.891130
Escuelas Normales,"8488.830000","9002",NORMAL TOMAS GODOY CRUZ,"5500.000000",RIVADAVIA 350,0261-4296405,dge9002@mendoza.edu.ar,1875/10/01,-68.8440,-32.8910,-68.844270,-32.891140
Escuelas Normales,"8488.830000","9031",JAR.EXC.TOMAS GODOY CRUZ,"5500.000000",PATRICIAS MENDOCINAS 980,0261-4295233,dge9031@mendoza.edu.ar,1890/08/05,-68.8430,-32.8910,-68.843870,-32.891390
Terciarios,"0.000000",T202,INSTITUTO DE EDUC. SUPERIOR MAGISTER,"5500.000000",AV. MITRE 770,0261-4294713,dgeT202@mendoza.edu.ar,1993/10/03,-68.8450,-32.8930,-68.845660,-32.893230
CENS,"0.000000","3425",POLIC√çAS H√?ROES DE MENDOZA,"5500.000000","CHILE 947
",0261-4237522,dge3425@mendoza.edu.ar,1987/07/17,-68.8460,-32.8910,-68.846040,-32.891110
Privadas Secundarias,"0.000000",S010,SAN LUIS GONZAGA,"5500.000000",9 DE JULIO 777,0261-4296518,dgeS010@mendoza.edu.ar,1753/01/01,-68.8410,-32.8940,-68.841490,-32.894100
Privadas Primarias,"0.000000",P010,SAN LUIS GONZAGA,"5500.000000",COLON 93,0261-4291656,dgeP010@mendoza.edu.ar,1900/01/01,-68.8410,-32.8940,-68.841560,-32.894620
"Inicial, EGB1 y EGB2","1008.960000","1035",PRESIDENTE QUINTANA,"5500.000000",SAN LORENZO 758,0261-4259620,dge1035@mendoza.edu.ar,1914/11/10,-68.8500,-32.8920,-68.850300,-32.892210
Privadas Primarias,"0.000000",P136,S.T.R.O.B.E.R.I.,"5500.000000",DON BOSCO 89,0261-4237600,dgeP136@mendoza.edu.ar,1993/05/17,-68.8380,-32.8940,-68.838850,-32.894420
Terciarios,"0.000000",T228,INSTITUTO SUPERIOR NUEVO CUYO,"5500.000000",SAN JUAN 1080  1√?PISO,0261-4200135,dgeT228@mendoza.edu.ar,1753/01/01,-68.8370,-32.8910,-68.837330,-32.891170
Escuelas Especiales,"844.220000","2002",PEDRO NOLASCO FERREYRA,"5500.000000",GARIBALDI 280,0261-4203873,dge2002@mendoza.edu.ar,1943/08/02,-68.8340,-32.8910,-68.834720,-32.891050
Post Primaria Especial,"844.220000","7004",Dr.Daniel Fernando Gonzalez,"5500.000000",Montecaseros 1391,0261 - 4236467,dge7004@mendoza.edu.ar,1997/02/24,-68.8310,-32.8870,-68.831130,-32.887860
Centros Laborales,"260.390000","6015",CECILIA GRIERSON,"5500.000000",SALTA 1149. P.B.,0261-4295527,dge6015@mendoza.edu.ar,1900/01/01,-68.8340,-32.8900,-68.834180,-32.890550
Terciarios,"0.000000",T070,INSTITUTO SUPERIOR DE CS. RELIGIOSAS SAN,"5500.000000",SALTA 1239,026-4298259,dgeT070@mendoza.edu.ar,1983/06/22,-68.8340,-32.8890,-68.834300,-32.889500
Privadas Primarias,"0.000000",P007,SAGRADO CORAZON,"5500.000000",LAVALLE 301,0261-4230375,dgeP007@mendoza.edu.ar,1901/03/16,-68.8340,-32.8880,-68.833970,-32.888880
Privadas Secundarias,"0.000000",S007,SAGRADO CORAZON,"5500.000000",LAVALLE 301,0261-4230375,dgeS007@mendoza.edu.ar,1937/02/23,-68.8340,-32.8880,-68.834030,-32.888880
Escuelas Especiales,"1101.040000","2005",RAQUEL MENENDEZ DE PAVON,"5500.000000",BUENOS AIRES 553,0261-4239271,dge2005@mendoza.edu.ar,1900/01/01,-68.8300,-32.8870,-68.830840,-32.887920
CEBA,"0.000000","1",COMBATE DE SAN LORENZO,"5500.000000",MONTECASEROS y C√?RDOBA,0261- 4231631,dge3001@mendoza.edu.ar,1900/01/01,-68.8310,-32.8840,-68.830970,-32.884110
"Inicial, EGB1 y EGB2","0.000000","1272",DOMINGO BOMBAL,"5500.000000",LAVALLE 502,0261-4252644,dge1272@mendoza.edu.ar,1930/05/23,-68.8310,-32.8880,-68.831100,-32.888670
Terciarios,"0.000000",T236,NUESTRA ESCUELA,"5500.000000",BUENOS AIRES 33-GALERIA KOLTON,"0",dgeT236@mendoza.edu.ar,1753/01/01,-68.8380,-32.8870,-68.838000,-32.887620
Jardines Exclusivos,"3556.930000","0001",MERCEDITAS DE SAN MARTIN,"5500.000000",GUTIERREZ 380 -   CAPITAL,0261-4255937,dge0001@mendoza.edu.ar,1910/07/01,-68.8430,-32.8870,-68.843610,-32.887820
CENS,"3556.930000","3402",SAN NICOL¬µS DEL CARRASCAL,"5500.000000",GUTIERREZ 350,0261-4200310,dge3402@mendoza.edu.ar,1974/06/04,-68.8430,-32.8870,-68.843420,-32.887860
CENS,"0.000000","0",ROBERTO ARLT,"5500.000000",CHILE 1782,"4251416",dge3405@mendoza.edu.ar,01/08/1986,-68.8440,-32.8810,-68.844330,-32.881890
CENS,"0.000000","3408",ESCUELA N√? 3-408 CENS BELGRANO EDUCADOR,"5500.000000",MART√?NEZ DE ROSAS Y MOLDES,0261-4295331,dge3408@mendoza.edu.ar,1990/01/01,-68.8520,-32.8750,-68.852530,-32.875440
EGB3 y Polimodal,"0.000000","4013",DR.BERNARDO A HOUSSAY,"5500.000000",CORONEL PLAZA 303,0261-4255947,dge4013@mendoza.edu.ar,1960/03/01,-68.8400,-32.8790,-68.840770,-32.879470
Privadas Primarias,"0.000000",P131,FUNDACION RICART (NORBRIDGE),"5500.000000",BARCALA 471,0261-4200569,dgeP131@mendoza.edu.ar,1994/03/01,-68.8430,-32.8810,-68.843340,-32.881590
Privadas Secundarias,"0.000000",S027,PABLO BESSON,"5500.000000",AVENIDA ESPA¬•A 1895,0261-4254845,dgeS027@mendoza.edu.ar,1990/09/18,-68.8390,-32.8810,-68.839420,-32.881160
Privadas Primarias,"0.000000",P027,PABLO BESSON,"5500.000000",SAN MARTIN 2020,0261-4254845,dgeP027@mendoza.edu.ar,1988/03/08,-68.8360,-32.8790,-68.836850,-32.879660
Terciarios,"0.000000",T022,ESCUELA REGIONAL DE CINE Y VIDEO,"5500.000000",MAIPU 418,061-4376329,dgeT022@mendoza.edu.ar,1900/01/01,-68.8300,-32.8760,-68.830440,-32.876430
"Inicial, EGB1 y EGB2","1225.760000","1028",JOSE FEDERICO MORENO,"5500.000000",JOSE FEDERICO MORENO 2221,0261-4231470,dge1028@mendoza.edu.ar,1911/02/12,-68.8310,-32.8760,-68.831860,-32.876340
Privadas Secundarias,"0.000000",S008,STO. TOMAS DE AQUINO,"5500.000000",CHACABUCO 257,0261-4234320,dgeS008@mendoza.edu.ar,1901/01/01,-68.8330,-32.8770,-68.833100,-32.877810
Privadas Primarias,"0.000000",P008,STO.TOMAS DE AQUINO,"5500.000000",CHACABUCO 257,0261-4234320,dgeP008@mendoza.edu.ar,1753/01/01,-68.8330,-32.8770,-68.833020,-32.877830
"Inicial, EGB1 y EGB2","2052.100000","1032",MARIANO MORENO,"5500.000000",ALBERDI 445,0261-4233546,dge1032@mendoza.edu.ar,1900/01/01,-68.8300,-32.8800,-68.830500,-32.880390
CENS,"658.630000","0",ESCUELA N√? 3-403 (CENS),"5500.000000",ALBERDI 455,0261-4256538,dge3403@mendoza.edu.ar,1980/01/01,-68.8300,-32.8800,-68.830250,-32.880460
Privadas Primarias,"0.000000",P013,S.PEDRO NOLASCO,"5500.000000",JOSE FEDERICO MORENO 1751,0261-4251035,dgeP013@mendoza.edu.ar,1991/05/10,-68.8320,-32.8830,-68.832070,-32.883180
Privadas Secundarias,"0.000000",S013,SAN PEDRO NOLASCO,"5500.000000",JOSE FEDERICO MORENO 1751,0261-4251035,dgeS013@mendoza.edu.ar,1937/02/23,-68.8320,-32.8830,-68.832200,-32.883000
Privadas Secundarias,"0.000000",S001,DON BOSCO,"5500.000000",CORDOBA 249,0261-4232391,dgeS001@mendoza.edu.ar,1900/01/01,-68.8340,-32.8830,-68.834730,-32.883820
Privadas Primarias,"0.000000",P001,DON BOSCO,"5500.000000",CORDOBA 249,0261-4232391,dgeP001@mendoza.edu.ar,1982/03/01,-68.8340,-32.8830,-68.834810,-32.883820
"Inicial, EGB1 y EGB2","848.540000","1036",TIBURCIO BENEGAS,"5500.000000",SAN LUIS 321,0261-4257898,dge1036@mendoza.edu.ar,1900/01/01,-68.8330,-32.8850,-68.833660,-32.885170
"Inicial, EGB1 y EGB2","4127.050000","1461",RICARDO ROJAS,"5500.000000",JUAN JUFRE  3088,0261-4306837,dge1461@mendoza.edu.ar,1956/10/14,-68.8240,-32.8680,-68.824500,-32.868140
Escuelas Especiales,"0.000000","2031",PEDRO DEL CASTILLO,"5500.000000",URQUIZA 148,0261-4291975,dge2031@mendoza.edu.ar,1975/05/21,-68.8340,-32.8810,-68.834460,-32.880960
Privadas Primarias,"0.000000",P207,A.P.A.N.D.O.,"5500.000000",FEDERICO MORENO 3087,0261-4301352,dgeP207@mendoza.edu.ar,1983/11/20,-68.8310,-32.8670,-68.831220,-32.867800
Jardines Exclusivos,"707.100000","0002",DR. GREGORIO ARAOZ ALFARO,"5500.000000",VIDELA CASTILLO 3080 -,0261-4306993,dge0002@mendoza.edu.ar,1945/07/24,-68.8270,-32.8670,-68.827600,-32.867810
EGB3 y Polimodal,"658.630000","4008",FRAY MAMERTO ESQUIU,"5500.000000",SAN MARTIN 2583,0261-4305577,dge4008@mendoza.edu.ar,1942/07/17,-68.8340,-32.8720,-68.834440,-32.872860
Centros Laborales,"0.000000","6034",ENRIQUETA D DE VIDELA,"5500.000000",SALTA 2024,0261-4293473-4304903,dge6034@mendoza.edu.ar,1900/01/01,-68.8340,-32.8790,-68.834050,-32.879650
"Inicial, EGB1 y EGB2","977.990000","1313",BEATRIZ FALCITELLI,"5500.000000",AMEGHINO 445,0261-4303023,dge1313@mendoza.edu.ar,1936/07/27,-68.8380,-32.8620,-68.838540,-32.862880
Terciarios,"0.000000",T068,NUESTRA SE¬•ORA DEL  ROSARIO DE POMPEYA,"5500.000000",PATRICIAS MENDOCINAS 3331,0261-4305359,dgeT068@mendoza.edu.ar,1978/04/01,-68.8360,-32.8640,-68.836250,-32.864240
Privadas Secundarias,"0.000000",S068,NTRA.SRA.DEL ROSARIO DE POMPEYA,"5500.000000",PATRICIAS MENDOCINAS 3331,0261-4305359,dgeS068@mendoza.edu.ar,1963/03/13,-68.8360,-32.8640,-68.836300,-32.864370
Privadas Primarias,"0.000000",P068,N.S.DEL R.DE POMPEYA,"5500.000000",PATRICIAS MENDOCINAS 3331,0261-4305359,dgeP068@mendoza.edu.ar,1963/03/01,-68.8360,-32.8640,-68.836310,-32.864150
Terciarios,"0.000000",T207,INSTITUTO SUPERIOR DE ENSE¬•ANZA TECNICA,"5500.000000",MITRE 3141,0261-4304681,dgeT207@mendoza.edu.ar,1992/02/01,-68.8380,-32.8650,-68.838130,-32.865830
"Inicial, EGB1 y EGB2","977.870000","1144",HIPOLITO YRIGOYEN,"5500.000000",AV.ESPA¬•A 2812,0261-4305681,dge1144@mendoza.edu.ar,1918/04/03,-68.8370,-32.8700,-68.837040,-32.870160
CENS,"977.870000","3458",ESCUELA N√? 3-458 (CENS),"5500.000000",ESPA¬•A 2812,0261-4377603,dge3458@mendoza.edu.ar,1998/04/03,-68.8370,-32.8700,-68.837030,-32.870210
"Inicial, EGB1 y EGB2","0.000000","1034",GRAL.MANUEL BELGRANO,"5500.000000",PELLEGRINI 671,0261-4258059,dge1034@mendoza.edu.ar,1901/05/15,-68.8430,-32.8720,-68.842960,-32.872490
Privadas Secundarias,"0.000000",S012,COMPA¬•IA DE MARIA,"5500.000000",SAN MARTIN 2494,0261-4254636,dgeS012@mendoza.edu.ar,1927/03/01,-68.8350,-32.8740,-68.835420,-32.874020
Privadas Primarias,"0.000000",P012,COMPA¬•IA DE MARIA,"5500.000000",SAN MARTIN 2494,0621-4254636,dgeP012@mendoza.edu.ar,1900/01/01,-68.8350,-32.8740,-68.835430,-32.874090
Post Primaria Especial,"1301.280000","7005",LE√†N GIECO,"5500.000000",CHACO Y SANTA MARIA DE ORO,0261-4232542,dge7005@mendoza.edu.ar,1900/01/01,-68.8480,-32.8670,-68.848510,-32.867920
Escuelas Especiales,"0.000000","2034",DR.RICARDO GUTIERREZ,"5500.000000",MONTECASEROS Y BUENOS AIRES,0261 - 4239079,dge2034@mendoza.edu.ar,1960/03/24,-68.8310,-32.8870,-68.831130,-32.887930
Escuelas Especiales,"1301.280000","2001",VICTOR MERCANTE,"5500.000000",SANTA MARIA DE ORO Y VUCETICH,0261-4232542,dge2001@mendoza.edu.ar,1939/05/16,-68.8490,-32.8670,-68.849080,-32.867880
"Inicial, EGB1 y EGB2","1872.640000","1316",EDMUNDO DE AMICIS,"5500.000000",JORGE A CALLE 297,0261-4231350,dge1316@mendoza.edu.ar,1936/08/28,-68.8480,-32.8680,-68.848590,-32.868520
Centros Laborales,"1872.640000","6018",LEONOR LEMOS,"5500.000000",JORGE A. CALLE 297,0261-4231350,dge6018@mendoza.edu.ar,1958/05/20,-68.8480,-32.8680,-68.848480,-32.868180
"Inicial, EGB1 y EGB2","821.110000","1473",PIO XII,"5500.000000",FERNANDO FADER 83,0261-4303199,dge1473@mendoza.edu.ar,1957/01/01,-68.8450,-32.8650,-68.845220,-32.865930
Jardines Maternales SEOS,"0.000000",J074,JARDIN MAT. CUSTODIA ZULUZAGA,"5500.000000",COOP. ENTRE JUNCAL Y PLUMERILLO,0261-4444890,dgeJ074@mendoza.edu.ar,1984/11/20,-68.8680,-32.8660,-68.868330,-32.866470
Jardines Maternales SEOS,"163.010000",J101,MUNICENTRO COOP. LIBERTADOR,"5500.000000",PADRE LLORENS MZA. T CASA 17,0261-4495195,dgeJ101@mendoza.edu.ar,1998/03/01,-68.8660,-32.8690,-68.866530,-32.869600
Escuelas Especiales,"1753.890000","2017",CNEL.DE MARINA TOMAS ESPORA,"5500.000000",PADRE LLORENS S/N,,dge2017@mendoza.edu.ar,1965/05/13,-68.8660,-32.8680,-68.866200,-32.868730
Centros Laborales,"0.000000","6036",SAMUEL OSTROPOLSKY,"5500.000000",URQUIZA 164,"4340223",dge6036@mendoza.edu.ar,1900/01/01,-68.8340,-32.8800,-68.834330,-32.880940
Privadas Secundarias,"0.000000",S053,P.JOSE M.LLORENS,"5500.000000",MANZANA I CASAS 2 Y 3,0261-4444957,dgeS053@mendoza.edu.ar,1992/12/11,-68.8670,-32.8690,-68.867140,-32.869650
"Inicial, EGB1 y EGB2","0.000000","1565",GRAL.PATROCINIO RECABARREN,"5500.000000",LOS CEIBOS S/N,0261-4446607,dge1565@mendoza.edu.ar,1971/09/01,-68.8670,-32.8700,-68.867050,-32.870260
"Inicial, EGB1 y EGB2","0.000000","1543",JULIO CESAR RAFFO DE LA RETA,"5500.000000",POTRERILLOS Y VILLAVICENCIO -,0261-4444808,dge1543@mendoza.edu.ar,1967/04/03,-68.8620,-32.8650,-68.862720,-32.865600
Jardines CAE,"0.000000",C069,VICTOR VOLPE,"5500.000000",POTRERILLOS S/N,0261-156522454,dgeC069@mendoza.edu.ar,1993/07/03,-68.8650,-32.8650,-68.865220,-32.865320
Jardines Maternales SEOS,"0.000000",J092,DUENDELIN,"5500.000000",POTRERILLOS S/N√? (ENTRE V.VICENCIO Y TOL,0261-4447331,dgeJ092@mendoza.edu.ar,1997/07/01,-68.8620,-32.8650,-68.862240,-32.865580
Privadas Secundarias,"0.000000",S004,SAN JOSE H. MARISTAS,"5500.000000",AV.CHAMPAGNAT 2980,0261-4444969,dgeS004@mendoza.edu.ar,1944/01/01,-68.8820,-32.8660,-68.882430,-32.866360
Privadas Primarias,"0.000000",P004,SAN JOSE H.MARISTAS,"5500.000000",AV.CHAMPAGNAT S/N,0261-4444969,dgeP004@mendoza.edu.ar,1917/03/01,-68.8820,-32.8660,-68.882260,-32.866420
"Inicial, EGB1 y EGB2","0.000000","1601",DR. DIEGO PAROISSIEN,"5500.000000",METRAUX  S/N,0261-4445145,dge1601@mendoza.edu.ar,1975/03/01,-68.8750,-32.8670,-68.875580,-32.867430
CEBA,"1583.920000","0",Profesor Fabi√°n Roberto Testa,"5500","CALLE 3 S/N, B¬∞FLORES SUR","4201033",dge3126@mendoza.edu.ar,16/04/1998,-68.8690,-32.8730,-68.869690,-32.873630
Jardines Maternales SEOS,"0.000000",J073,MIMITOS,"5500.000000",MZA. E CASA 03,"0",dgeJ073@mendoza.edu.ar,1996/07/30,-68.8690,-32.8730,-68.869760,-32.873640
"Inicial, EGB1 y EGB2","1583.920000","1547",GRAL.CARLOS E. O'DONNELL,"5500.000000",CALLE 5 Y 6,0261-4294253,dge1547@mendoza.edu.ar,1967/11/22,-68.8690,-32.8740,-68.869780,-32.874240
Jardines CAE,"0.000000",C067,CENTRO COMUNITARIO ED. SAN JOSE,"5500.000000",CALLE 5 Y 6,026-4204340,dgeC067@mendoza.edu.ar,1989/04/19,-68.8700,-32.8740,-68.870150,-32.874130
Jardines Maternales SEOS,"0.000000",J030,JARDIN MATERNAL LOS DUENDES DEL LAGO,"5500.000000",TIMOTEO GORDILLO  S/N,0261-4259700,dgeJ030@mendoza.edu.ar,1989/08/11,-68.8640,-32.8710,-68.864440,-32.871690
Jardines Exclusivos,"0.000000","0003",MARIA CURIE,"5500.000000",AV.LOS FRESNOS S/N ESQUINA LOS VISCOS,0261-4297416,dge0003@mendoza.edu.ar,1955/05/31,-68.8590,-32.8700,-68.859440,-32.870860
"Inicial, EGB1 y EGB2","0.000000","1256",REPUBLICA DE CHILE,"5500.000000",AV.LOS FRESNOS S/N,0261-4232187,dge1256@mendoza.edu.ar,1929/03/15,-68.8590,-32.8700,-68.859370,-32.870430
Escuelas UNC,"0.000000",Z019,LICEO MILITAR GENERAL ESPEJO,"5500.000000",AV. BOULONGNE SUR MER 2136,0261-4234400,dgeZ019@mendoza.edu.ar,1753/01/01,-68.8590,-32.8740,-68.859470,-32.874570
ITU,"0.000000",I001,I.T.U. MENDOZA,"5500.000000",FACULTAD INGENIERIA - CIUDAD UNIVERSITAR,0261-4494084,dgeI001@mendoza.edu.ar,1994/11/22,-68.8780,-32.8790,-68.878580,-32.879020
"Inicial, EGB1 y EGB2","0.000000","1098",CARMEN PONCE DE VIDELA,"5500.000000",AV.DEL LIB.S/N PARQUE GRAL.SAN MARTIN,"02614233545",dge1098@mendoza.edu.ar,1913/04/05,-68.8730,-32.8830,-68.873040,-32.883550
CEBA,"0.000000","3122","""ALGARROBO TELTECA""","5500.000000",BOULOGNE SUR MER 1890,0261-4362431,dge3122@mendoza.edu.ar,1997/03/21,-68.8600,-32.8770,-68.859970,-32.877220
"Inicial, EGB1 y EGB2","1438.510000","1259",DR.CARLOS N.VERGARA,"5500.000000",MARTINEZ DE ROSAS 2220,0261-4232100,dge1259@mendoza.edu.ar,1929/03/04,-68.8520,-32.8750,-68.852600,-32.875310
Privadas Secundarias,"0.000000",S077,ISLAS MALVINAS (TUR. Y HOTELERIA),"5500.000000",ROQUE SAENZ PE¬•A 745,0261-4381441,,1993/03/03,-68.8580,-32.8800,-68.858170,-32.880070
Privadas Secundarias,"0.000000",S016,SAN ANDRES,"5500.000000",JOAQUIN V. GONZALEZ 630,0261-4250824,dgeS016@mendoza.edu.ar,1992/03/09,-68.8570,-32.8810,-68.857600,-32.881850
Privadas Primarias,"0.000000",P016,SAN ANDRES,"5500.000000",JOAQUIN V.GONZALEZ 630,0261-4250824,dgeP016@mendoza.edu.ar,1987/03/01,-68.8570,-32.8810,-68.857560,-32.881900
"Inicial, EGB1 y EGB2","720.380000","1106",DR.JUAN AGUSTIN MAZA,"5500.000000",MARTINEZ DE ROSAS 1457,0261-4255236,dge1106@mendoza.edu.ar,1914/06/11,-68.8540,-32.8840,-68.854350,-32.884310
Privadas Secundarias,"0.000000",S059,ADVENTISTA,"5500.000000",AVELLANEDA 55,0261-4256799,dgeS059@mendoza.edu.ar,1900/01/01,-68.8500,-32.8860,-68.850050,-32.885970
Privadas Primarias,"0.000000",P059,I.AMPUERO MATTA,"5500.000000",Nicol¬†s Avellaneda 55,0261-4256799,dgeP059@mendoza.edu.ar,1900/01/01,-68.8500,-32.8860,-68.850170,-32.886000
"Inicial, EGB1 y EGB2","1457.500000","1278",DOMINGO F SARMIENTO,"5500.000000",JULIO A ROCA 343,0261-4234368,dge1278@mendoza.edu.ar,1960/09/11,-68.8540,-32.8880,-68.854770,-32.888720
Terciarios,"0.000000",T229,ESC. DE PERIODISMO DEPORTIVO DE MENDOZA,"5500.000000",SAN JUAN 470,0261-4205109,dgeT229@mendoza.edu.ar,1998/02/13,-68.8390,-32.8980,-68.839720,-32.898360
Privadas Secundarias,"0.000000",S079,CORAZON DE MARIA,"5500.000000",RODRIGUEZ 853,0261-4251388,dgeS079@mendoza.edu.ar,1753/01/01,-68.8520,-32.8900,-68.852300,-32.890920
Privadas Primarias,"0.000000",P079,CORAZON DE MARIA,"5500.000000",RODRIGUEZ 853,0261-4251388,dgeP079@mendoza.edu.ar,1964/03/01,-68.8520,-32.8910,-68.852320,-32.891000
Privadas Secundarias,"0.000000",S009,NTRA.SRA. DE LA MISERICORDIA,"5500.000000",VICENTE ZAPATA 165,0261-4291512,dgeS009@mendoza.edu.ar,1753/01/01,-68.8380,-32.8950,-68.838650,-32.895690
Privadas Primarias,"0.000000",P009,NTRA. SRA. DE LA MISERICORDIA,"5500.000000",VICENTE ZAPATA 165,0261-4291512,dgeP009@mendoza.edu.ar,1935/02/02,-68.8380,-32.8950,-68.838670,-32.895760
Terciarios,"0.000000",T218,INSTITUTO INTERCULTURAL,"5500.000000",RONDEAU 277,0261-4290269,dgeT218@mendoza.edu.ar,1994/03/01,-68.8370,-32.8970,-68.837430,-32.896990
"Inicial, EGB1 y EGB2","2838.800000","1047",BARTOLOME MITRE,"5500.000000",SAN JUAN 417,0261-4237655,dge1047@mendoza.edu.ar,1906/02/03,-68.8390,-32.8980,-68.839330,-32.898690
EGB3 y Polimodal,"2838.800000","4128",ADOLFO PEREZ ESQUIVEL,"5500.000000",SAN JUAN 421,0261-4252895,dge4128@mendoza.edu.ar,1993/02/12,-68.8390,-32.8980,-68.839090,-32.898670
Terciarios,"0.000000",T231,INSTITUTO SUPERIOR DE LA EMPRESA,"5500.000000",RIOJA 460,0261-4233300,dgeT231@mendoza.edu.ar,1997/11/28,-68.8370,-32.8980,-68.837510,-32.898340
Privadas Secundarias,"0.000000",S033,SAN FRANCISCO JAVIER,"5500.000000",SAN JUAN 140,0261-4249036,dgeS033@mendoza.edu.ar,1961/03/01,-68.8410,-32.9020,-68.841710,-32.902150
Terciarios,"0.000000",T224,FUNDACION BRASILIA,"5500.000000",PERU 447,0261-4236917,dgeT224@mendoza.edu.ar,1997/02/24,-68.8490,-32.8950,-68.849860,-32.895570
Privadas Secundarias,"0.000000",S091,HUMBERTO DE PAOLIS,"5500.000000",MITRE 602,0261-4236897,dgeS091@mendoza.edu.ar,1970/03/01,-68.8460,-32.8950,-68.846370,-32.895140
Terciarios,"0.000000",T091,HUMBERTO DE PAOLIS,"5500.000000",MITRE 602,061-4236897,dgeT091@mendoza.edu.ar,1970/03/01,-68.8460,-32.8950,-68.846460,-32.895110
Jardines Maternales SEOS,"0.000000",J006,JARDIN MATERNAL OBRITAS,"5500.000000",SANTA CRUZ 252,0261-156552444,dgeJ006@mendoza.edu.ar,1993/03/15,-68.8450,-32.8990,-68.845100,-32.899900
CENS,"0.000000","3406",ESCUELA N√? 3-406 (CENS),"5500.000000",CHILE 1782,0261-4460418,dge3406@mendoza.edu.ar,1986/08/09,-68.8440,-32.8820,-68.844190,-32.882060
EGB3 y Polimodal,"2138.980000","4077",ARQ. MANUEL V. CIVIT,"5500.000000",Jose Federico Moreno 1469,"4239175",dge4077@mendoza.edu.ar,1990/05/14,-68.8320,-32.8860,-68.832470,-32.886690
"Inicial, EGB1 y EGB2","2138.980000","1042",ARISTIDES VILLANUEVA,"5500.000000",PEDRO MOLINA 300,"02614299717",dge1042@mendoza.edu.ar,1909/09/14,-68.8440,-32.8960,-68.844210,-32.896880
EGB3 y Polimodal,"2138.980000","4024",BELLAS ARTES,"5500.000000",P. MENDOCINAS ESQ. PEDRO MOLINA,0261-4238517,dge4024@mendoza.edu.ar,1933/05/17,-68.8440,-32.8970,-68.844740,-32.896990
EGB3 y Polimodal,"0.000000","4111",ING. PABLO NOGUES,"5500.000000",I. LA CATOLICA 370,0261-4241636,dge4111@mendoza.edu.ar,1947/08/14,-68.8490,-32.9000,-68.849500,-32.900020
Jardines Maternales SEOS,"0.000000",J005,JARDIN MATERNAL LOS LOCOS BAJITOS,"5500.000000",SANTA CRUZ 350,0261-4246785,dgeJ005@mendoza.edu.ar,1990/05/01,-68.8380,-32.9000,-68.838550,-32.900590
Escuelas UNC,"6356.400000",Z018,COL. UNIVERSITARIO CENTRAL J. DE SAN MAR,"5500.000000",AV. SAN MARTIN 290,0261-4241496,dgeZ018@mendoza.edu.ar,1753/01/01,-68.8420,-32.9000,-68.842280,-32.900460
Terciarios,"0.000000",T205,INST. SUPERIOR DE NIVEL TERICIARIO S.I.E,"5500.000000",SAN MARTIN 206,0261-4249351,dgeT205@mendoza.edu.ar,1994/09/28,-68.8420,-32.9010,-68.842530,-32.901470
Privadas Secundarias,"0.000000",S143,SAN GABRIEL,"5500.000000",SAN JUAN 470,0261-4205109,dgeS143@mendoza.edu.ar,1995/03/06,-68.8390,-32.8980,-68.839570,-32.898260
Privadas Primarias,"0.000000",P063,ESCUELA CRISTIANA EVANGELICA MENDOZA,"5500.000000",SARGENTO CABRAL 234,0261-4290018,ecem@mendoza.edu.ar,1900/01/01,-68.8540,-32.8930,-68.854020,-32.893850
EGB3 y Polimodal,"1639.130000","4002",FRAY LUIS BELTRAN,"5500.000000",BELGRANO 650,"4256298",dge4002@mendoza.edu.ar,1917/02/23,-68.8510,-32.8940,-68.851750,-32.894410
EGB3 y Polimodal,"1968.590000","4001",JOSE VICENTE ZAPATA,"5500.000000",CRNEL. RODRIGUEZ 499,0261-4232318,dge4001@mendoza.edu.ar,1912/03/12,-68.8520,-32.8950,-68.852750,-32.894970
Superior,"1968.590000",T013,INST.SUP.TEC.ESTUD.EC.DE CUYO,"5500.000000",CORONEL RODRIGUEZ 495,0261-4296727,dgeT013@mendoza.edu.ar,1900/01/01,-68.8530,-32.8950,-68.852950,-32.895470
Jardines Maternales SEOS,"0.000000",J029,JARDIN MATERNAL LA CASITA,"5500.000000",MONTECASEROS 1436,0261-4231678,dgeJ029@mendoza.edu.ar,1988/12/09,-68.8310,-32.8870,-68.831630,-32.887210
EGB3 y Polimodal,"2052.100000","4092",GRAL LAS HERAS,"5500.000000",MONTECASEROS 1997,0261-4295175,dge4092@mendoza.edu.ar,1947/06/28,-68.8300,-32.8800,-68.830830,-32.880480
"Inicial, EGB1 y EGB2","1178.220000","1100",DANIEL VIDELA CORREAS,"5500.000000",PASO DE LOS ANDES Y M.A SAEZ,0261-4201017,dge1100@mendoza.edu.ar,1900/01/01,-68.8590,-32.8940,-68.859240,-32.893970
Terciarios,"0.000000",T081,INSTITUTO CUYANO DE CULTURA MUSICAL,"5500.000000",MARTINEZ DE ROSAS 584,0261-4239346,dgeT081@mendoza.edu.ar,1961/09/03,-68.8570,-32.8930,-68.857240,-32.893230
Privadas Secundarias,"0.000000",S006,PADRE CLARET,"5500.000000",CLARK 360,0261-4236548,dgeS006@mendoza.edu.ar,1961/03/15,-68.8560,-32.8950,-68.856630,-32.895350
Privadas Primarias,"0.000000",P006,PADRE CLARET,"5500.000000",CLARCK 360,0261-4236548,dgeP006@mendoza.edu.ar,1935/03/06,-68.8560,-32.8950,-68.856490,-32.895340
EGB3 y Polimodal,"5508.800000","4132",QUIMICOS ARGENTINOS,"5500.000000",RODRIGUEZ  ESQUINA LA MADRID,0261-4286173,dge4132@mendoza.edu.ar,1900/01/01,-68.8530,-32.8970,-68.853490,-32.897180
"Inicial, EGB1 y EGB2","801.110000","1074",FRANCISCO N DE LAPRIDA,"5500.000000","Paso de los Andes 78
",0261-4204818,dge1074@mendoza.edu.ar,1909/05/17,-68.8600,-32.9000,-68.860080,-32.900110
Art√≠sticas Primarias,"2064.030000","5002",ADELA PONCE DE BOSSHARDT,"5500.000000",LUZURIAGA 260,0261-155691624,dge5002@mendoza.edu.ar,1900/01/01,-68.8550,-32.9000,-68.855100,-32.900740
"Inicial, EGB1 y EGB2","2064.030000","1110",MANUEL LAINEZ,"5500.000000",LUZURIAGA 260,0261-4284304,dge1110@mendoza.edu.ar,1914/04/03,-68.8550,-32.9000,-68.855310,-32.900730
Jardines CAE,"0.000000",C068,SAN ANTONIO M. CLARET,"5500.000000",CALLE C LOTE 18,0261-4443989,dgeC068@mendoza.edu.ar,1991/06/01,-68.9090,-32.8880,-68.909200,-32.888570
Jardines Maternales SEOS,"0.000000",J004,J. MATERNAL CASA DEL NI¬•O,"5500.000000","CALLE ""B"" LOTE 27",0261-4443989,dgeJ004@mendoza.edu.ar,1990/06/01,-68.9100,-32.8900,-68.910520,-32.890070
Jardines CAE,"0.000000",C004,CASA DEL NI¬•O CORAZON DE MARIA,"0.000000","CALLE ""B"" LOTE 27",0261-4443989,dgeC004@mendoza.edu.ar,1753/01/01,-68.9100,-32.8900,-68.910600,-32.890040
Jardines Maternales SEOS,"0.000000",J093,LA FAVORITA,"5500.000000",LOS PARAISOS - ACCESO 2,"0",dgeJ093@mendoza.edu.ar,1997/09/01,-68.9070,-32.8890,-68.907330,-32.888990
Jardines Exclusivos,"0.000000","0020",ALGARROBO,"5500.000000",ACCESO N¬∞2 Y CALLE ALGARROBO,0261-4446506,dge0020@mendoza.edu.ar,1997/09/03,-68.9030,-32.8880,-68.903220,-32.888820
CENS,"0.000000","3447",ESCUELA N√? 3-447 (CENS),"5500.000000",ACCESO II - AUTODROMO,0261-4442828,dge3447@mendoza.edu.ar,1997/04/08,-68.9030,-32.8890,-68.903110,-32.888970
"Inicial, EGB1 y EGB2","0.000000","1557",CERRO DE LA GLORIA,"5539.000000",CALLE PRINCIPAL-300 MTS OESTE CERRO DE L,0261-4442828,dge1557@mendoza.edu.ar,1968/03/01,-68.9020,-32.8880,-68.902940,-32.888920
Escuelas UNC,"0.000000",Z048,LICEO AGRICOLA Y ENOLOGICO D. F. SARMIEN,"5500.000000",AV. SAN FRANCISCO DE ASIS S/N√? PARQ. GRA,0261-4281133,dgeZ048@mendoza.edu.ar,1753/01/01,-68.8850,-32.8940,-68.885500,-32.894350
Privadas Secundarias,"0.000000",S202,SAN ANTONIO MARIA CLARET,"5500.000000",C. C L. 18 B¬∫ CIPOLETTI LA. FAVORITA,0261-4312444-1552478,dgeS202@mendoza.edu.ar,1900/01/01,-68.9090,-32.8880,-68.909250,-32.888600
Jardines Maternales SEOS,"0.000000",J028,JARDIN MATERNAL CRICYT,"5500.000000",BAJADA DEL CERRO S/N -CRICYT- P.GRAL S.M,0261-4288314,dgeJ028@mendoza.edu.ar,1988/08/01,-68.8750,-32.8930,-68.875210,-32.893250
Escuelas UNC,"0.000000",Z033,ESCUELA DE COMERCIO MARTIN ZAPATA,"5500.000000",PEDRO MOLINA Y PERU,0261-4238586,dgeZ033@mendoza.edu.ar,1753/01/01,-68.8500,-32.8960,-68.850030,-32.896430
"Inicial, EGB1 y EGB2","4127.050000","1455",LIBERTADOR DE LOS ANDES,"5500.000000",JUAN JUFRE 3020,0261-4303681,dge1455@mendoza.edu.ar,1955/03/18,-68.8240,-32.8680,-68.824530,-32.868420
Art√≠sticas Primarias,"848.540000","5008",WOLFGANG AMADEO MOZART,"5500.000000",SAN LUIS 321,0261-4298970,dge5008@mendoza.edu.ar,1982/11/15,-68.8330,-32.8850,-68.833620,-32.885010
Primaria Albergues,"0.000000","8448",EVA PERON,"5500.000000",AV. CIRCUNVALACION CARLOS THAYS P. GRAL,0261-4255627,dge8448@mendoza.edu.ar,1952/08/01,-68.8750,-32.8880,-68.875190,-32.888020
EGB3 y Polimodal,"0.000000","4067",DR.OSVALDO S BORGHI,"5500.000000",LAS MAGNOLIAS Y LAS VISCOS B√? CANO,0261-4255649,dge4067@mendoza.edu.ar,1989/01/01,-68.8610,-32.8700,-68.861550,-32.870430
EGB3 y Polimodal,"0.000000","4149",CARLOS VARAS GAZARI,"5500.000000",CHILE 1782,0261-4205296,dge4149@mendoza.edu.ar,1900/01/01,-68.8440,-32.8810,-68.844080,-32.881880
CENS,"0.000000","3401",FELIX DARDO PALORMA,"5500.000000",CORONEL PLAZA 303,0261-4231011,dge3401@mendoza.edu.ar,20/08/1992,-68.8400,-32.8790,-68.840840,-32.879560
CENS,"1178.220000","3404",Josefa Dominga Balcarce San Martin,"5500.000000",PASO DE LOS ANDES 78,0261-4275821,dge3404@mendoza.edu.ar,1984/10/01,-68.8590,-32.8940,-68.859220,-32.894150
CENS,"639.480000","0",LEONARDO FAVIO,"5500.000000","O DONELL Y MURIALDO, B¬∫ FLORES SUR","4381633",dge3473@mendoza.edu.ar,31/07/2000,-68.8690,-32.8740,-68.869500,-32.874240
Terciarios,"0.000000",T226,INST. SUP. DE TECNOL. GRAFICA GUTEMBERG,"5500.000000",MAIPU 324,0261-4304584,dgeT226@mendoza.edu.ar,1998/10/24,-68.8310,-32.8760,-68.831770,-32.876340
Privadas Secundarias,"0.000000",S103,CERVANTES (CENS),"5500.000000",SAN LUIS 134,0261-4250435,dgeS103@mendoza.edu.ar,1992/03/08,-68.8360,-32.8840,-68.836150,-32.884570
Terciarios,"0.000000",T208,INSTITUTO MENDOZA DE ENSE¬•ANZA SUPERIOR,"5500.000000",ALEM 74,0261-4201969,dgeT208@mendoza.edu.ar,1995/03/01,-68.8380,-32.8920,-68.838670,-32.892930
Terciarios,"0.000000",T221,"ESCUELA DE PSICOLOGIA ""DR. E. P. RIVIERE","0.000000",25 DE MAYO 547,0261-4235813,dgeT221@mendoza.edu.ar,1753/01/01,-68.8480,-32.8950,-68.848530,-32.895510
Terciarios,"0.000000",T238,INST. DE DOCENCIA INV. Y CAPACIT. LABORA,"0.000000",SAN MARTIN 253  1√? PISO,"-4248520",dgeT238@mendoza.edu.ar,1753/01/01,-68.8410,-32.9010,-68.841800,-32.901010
Terciarios,"0.000000",T241,INSTITUTO SUPERIOR DE FORMACION GERENCIA,"0.000000",VICENTE ZAPATA 189,0261-4297006,dgeT241@mendoza.edu.ar,1753/01/01,-68.8380,-32.8950,-68.838300,-32.895650
Privadas Secundarias,"0.000000",S063,ESCUELA CRISTIANA EVANGELICA MENDOZA,"5500.000000",SARGENTO CABRAL 234,0261-4290018,dgeS063@mendoza.edu.ar,1991/03/01,-68.8540,-32.8930,-68.854090,-32.893820
Privadas Secundarias,"0.000000",S081,INSTITUTO CUYANO DE CULTURA MUSICAL,"5500.000000",MARTINEZ DE ROSAS 584,"0",,1962/01/01,-68.8570,-32.8930,-68.857260,-32.893240
Privadas Primarias,"0.000000",P130,INMACULADO CORAZON DE MARIA,"5500.000000",CALLE 18,0261-4443989,dgeP130@mendoza.edu.ar,1993/03/01,-68.9090,-32.8880,-68.909320,-32.888690
Privadas Primarias,"0.000000",P054,COLEGIO BLOSSOM  AMERICANO,"5500.000000",CHILE Y MONTEVIDEO,0261-4236155,dgeP054@mendoza.edu.ar,1992/12/21,-68.8460,-32.8910,-68.846710,-32.891850
Terciarios,"0.000000",T075,INSTITUTO FERNANDO FADER,"5500.000000",9 DE JULIO 1539  2√? PISO,0261-4201378,dgeT075@mendoza.edu.ar,1753/01/01,-68.8390,-32.8850,-68.839770,-32.885490
"Inicial, EGB1 y EGB2","0.000000","1582",RIO MENDOZA,"5500.000000",NIHUIL S/N,"02614446765",dge1582@mendoza.edu.ar,1973/08/07,-68.8650,-32.8680,-68.865550,-32.868640
Privadas Primarias,"0.000000",P121,BLOSSOM,"5500.000000",CHILE Y MONTEVIDEO,0261-4295602,dgeP121@mendoza.edu.ar,1753/01/01,-68.8460,-32.8910,-68.846600,-32.891760
Centros Laborales,"0.000000","6048",SIN NOMBRE,"5500.000000",3000 OESTE BARRIO LA FAVORITA,,dge6048@mendoza.edu.ar,1999/05/26,-68.9060,-32.8940,-68.906650,-32.894320
Terciarios,"0.000000",T240,INSTITUTO TECNOLOGICO DE MENDOZA,"0.000000",AV. ESPA¬•A 670,0261-4235519,dgeT240@mendoza.edu.ar,1753/01/01,-68.8430,-32.8940,-68.843430,-32.894900
Jardines Maternales SEOS,"0.000000",J114,CRECER,"5500.000000",9DE JULIO 2298,0261-4251182,dgeJ114@mendoza.edu.ar,1999/04/01,-68.8370,-32.8760,-68.837220,-32.876370
Superior,"0","0",ESCUELA REGIONAL CUYO DE CINE Y VIDEO,"5500",JOS√? VICENTE ZAPATA 470,"4239995",escueladecinemza@gmail.com,02/04/1999,-68.8330,-32.8960,-68.833810,-32.896030
Jardines Maternales SEOS,"0.000000",J007,HOSPITAL CENTRAL,"5500.000000",SALTA Y ALEM,0261-4490500,dgeJ007@mendoza.edu.ar,1753/01/01,-68.8340,-32.8920,-68.834420,-32.892560
Privadas Secundarias,"0.000000",S204,JUAN AGUSTIN MAZA,"5500.000000",GARIBALDI 230,0261-4203116,dgeS204@mendoza.edu.ar,1957/03/18,-68.8350,-32.8910,-68.835360,-32.891020
CENS,"0.000000","3469",CABO ERNESTO URBINA,"5500.000000",HOSPITAL LAGOMAGGIORE,"0",dge3469@mendoza.edu.ar,05/04/1999,-68.8640,-32.8720,-68.864660,-32.872470
Superior,"0.000000",T019,Instituto de Educacion Superior,"0.000000",San Juan 467,"4252895",dgeT019@mendoza.edu.ar,2004/01/01,-68.8530,-32.8950,-68.853090,-32.895110
EGB3 y Polimodal,"0.000000","4174",ESCUELA N√? 4-174,"5539.000000",ACCESO N¬∞2 Y CALLE ALGARROBO,0261-4442828,dge4174@mendoza.edu.ar,2000/04/07,-68.9020,-32.8880,-68.902780,-32.888590
CEBA,"0.000000","3214","""Prof. Carlos Fuentealba""","5507.000000",Urquiza164,,dge3214@mendoza.edu.ar,2005/04/01,-68.8340,-32.8810,-68.834390,-32.880970
Privadas Secundarias,"0.000000",S139,LUMEN DE SAN JOSE DE CALASANZ,"5500.000000",JOSE FEDERICO MORENO 2961,0261-4379965,dgeS139@mendoza.edu.ar,1900/01/01,-68.8310,-32.8690,-68.831540,-32.869020
Privadas Secundarias,"0.000000",S136,S.T.R.O.B.E.R.I.,"5500.000000",PRIMITIVO DE LA RETA 848,0261-4237600,dgeS136@mendoza.edu.ar,,-68.8380,-32.8930,-68.838560,-32.893740
Privadas Secundarias,"0.000000",s130,INMACULADO CORAZON DE MARIA,"5500.000000",CALLE 18,0261-4443989,dgeS130@mendoza.edu.ar,1993/03/01,-68.9090,-32.8880,-68.909170,-32.888660
Privadas Primarias,"0.000000",P039,INSTITUTO NADINO,"5500.000000",GRANADEROS 1643,0261-4250331,dgeP039@mendoza.edu.ar,1960/01/01,-68.8550,-32.8810,-68.855250,-32.881670
Privadas Primarias,"0.000000",P041,DR.MAX NORDAU,"5500.000000",CORRIENTES 59,0261-4298276,mnordau@mendoza.edu.ar,1900/01/01,-68.8360,-32.8820,-68.836070,-32.882720
Privadas Primarias,"0.000000",P053,P.JOSE M.LLORENS,"5500.000000",MANZANA I CASAS 2 Y 3,0261-4444957,dgeP053@mendoza.edu.ar,1992/12/11,-68.8670,-32.8690,-68.867200,-32.869480
Escuelas UNC,"0.000000",Z021,DPTO. DE APLIC. CARMEN VERA ARENAS,"5500.000000",SOBREMONTE 81,0261-4236671,dgeZ021@mendoza.edu.ar,1753/01/01,-68.8520,-32.8950,-68.852440,-32.895720
Jardines Exclusivos,"0.000000","0121",JARDIN NUCLEADO,"5500.000000",POTRERILLOS Y VILLAVICENCIO,"4446765",dge0121@mendoza.edu.ar,2005/05/05,-68.8620,-32.8650,-68.862570,-32.865740
CEBA,"1939.190000","2",COMBATE DE SAN LORENZO,"5500.000000","Alberdi 523
",0261- 4231631,dge3001@mendoza.edu.ar,08/06/2017,-68.8290,-32.8800,-68.829270,-32.880460
CEBA,"0.000000","0",COMBATE DE SAN LORENZO,"5500.000000","MONTECASEROS 1997
",0261- 4231631,dge3001@mendoza.edu.ar,,-68.8300,-32.8800,-68.830560,-32.880510
CEBA,"0.000000","0",JUAN ESTEBAN PEDERNERA,"5500.000000",PEDRO MOLINA 300,0261-4239535,dge3008@mendoza.edu.ar,1753/01/01,-68.8440,-32.8960,-68.843960,-32.896840
CEBA,"0.000000","1",JUAN ESTEBAN PEDERNERA,"5500.000000",PERU 762,0261-4239535,dge3008@mendoza.edu.ar,1753/01/01,-68.8490,-32.8920,-68.849450,-32.892580
CEBA,"0.000000","0",PUESTO LIMA,"5500",Pablo Neruda y Prof.L√≥pez,,dge3096@mendoza.edu.ar,22/08/1990,-68.9120,-32.8880,-68.912690,-32.888100
CEBA,"1583.920000","1",Profesor Fabi√°n Roberto Testa,"5500","PRINCIPAL¬† S/N, B¬∞OLIVARES","0",dge3126@mendoza.edu.ar,16/04/1998,-68.8710,-32.8740,-68.871520,-32.874410
CEBA,"1583.920000","2",Profesor Fabi√°n Roberto Testa,"5500","CALLE 5 S/N, B¬∞FLORES SUR","4201033",dge3126@mendoza.edu.ar,16/04/1998,-68.8690,-32.8740,-68.869670,-32.874270
Art√≠sticas Primarias,"0.000000","0",COLONIA Pfsor Luis Enrique Lucca,"5500",ACCESO PUESTO LIMA,0261-4203762,dge5009@mendoza.edu.ar,1967/03/13,-68.9470,-32.8970,-68.947780,-32.897010
Privadas Primarias,"0.000000",P143,SAN GABRIEL,"5500.000000",SAN JUAN 470,0261-4205109,dgeP143@mendoza.edu.ar,1900/01/01,-68.8390,-32.8980,-68.839520,-32.898300
Privadas Primarias,"0.000000",P149,COLEGIO ANDINO,"5500.000000",FORMOSA 321,0261-4205148,dgeP149@mendoza.edu.ar,1997/03/01,-68.8390,-32.9030,-68.839510,-32.902980
Privadas Primarias,"0.000000",P183,APANDO,"5500.000000",JOSE F.MORENO 3087,0261-4301352,dgeP183@mendoza.edu.ar,1983/11/01,-68.8310,-32.8670,-68.831580,-32.867740
Terciarios,"0.000000",T103,INSTITUTO CERVANTES (CENS),"5500.000000",SAN LUIS 134,026     4250435,dgeT103@mendoza.edu.ar,1994/03/03,-68.8360,-32.8840,-68.836160,-32.884460
Terciarios,"0.000000",T146,F. CHOPIN,"5500.000000",Fader 250,"4244509",dgeT146@mendoza.edu.ar,1996/04/01,-68.8470,-32.8660,-68.847410,-32.866380
Jardines Exclusivos,"1225.760000","0122",PRIMERA FUNDACION DE MENDOZA,"5500.000000",ALBERDI 445,sin datos,dge0122@mendoza.edu.ar,2006/11/01,-68.8300,-32.8800,-68.830670,-32.880360
CENS,"0.000000","0",SIN NOMBRE,"5000.000000",MARTINEZ DE ROZAS 1457,"4255236",dge3492@mendoza.edu.ar,2007/03/26,-68.8540,-32.8840,-68.854100,-32.884360
EGB3 y Polimodal,"720.380000","4210",SIN NOMBRE,"5500.000000",Martinez de Rosas 1457,"4255236",dge4210@mendoza.edu.ar,2007/02/01,-68.8540,-32.8840,-68.854280,-32.884440
Centros Laborales,"0.000000","6055",S/NOMBRE,"0.000000",Av. Carlos Tahys s/n Parque San Martin,0261-4295612,,2008/06/01,-68.8760,-32.8880,-68.876790,-32.888260
Jardines Exclusivos,"0.000000","0",AGNES GONXHA,"5500","Luzuriaga 260
","4275498",dge0142@mendoza.edu.ar,01/05/2007,-68.8550,-32.9010,-68.855190,-32.900960
Jardines Maternales SEOS,"0.000000",J222,ARRUMACOS,"0.000000",9 DE JULIO 2668,"4309925",vivianaginard@argentina.com,,-68.8360,-32.8720,-68.836090,-32.872100
Jardines Maternales SEOS,"0.000000",J249,LA NUEVA CASITA,"0.000000",PERU 879,"156890366",,,-68.8490,-32.8910,-68.849110,-32.891460
Jardines Maternales SEOS,"0.000000",J221,CARICIAS DE MIEL CDIYF N¬∞ 2,"0.000000",AYACUCHO 227,"4306297, 261 6890363",enzosolis72@hotmail.com,,-68.8330,-32.8750,-68.833100,-32.875610
"Superior
",,"7",TUPUNGATO,"5500
",PLANTAMURA s/n,,dget009@mendoza.edu.ar,,-68.8630,-32.8770,-68.863780,-32.877880
"Jardines Exclusivos
",,"0","""MAESTRA OFELIA RAQUEL CHAUQUE""","5500",ACCESO N¬∫1 Y PROFESOR L√?PEZ,"155882010",,08/04/2010,-68.9130,-32.8880,-68.913170,-32.888230
"Jardines Exclusivos
",,"0","SIN NOMBRE
","5500",SAN JUAN 457,"4255318",dge0033@mendoza.edu.ar,15/02/2013,-68.8390,-32.8980,-68.839180,-32.898780
"Jardines Exclusivos
",,"0",GRANADEROS DE LOS ANDES,"5500",PEDRO MOLINA 300,"4252203",,01/01/2012,-68.8440,-32.8960,-68.844060,-32.896700
"Jardines Exclusivos
",,"0","""PROFESORA CATALINA LUISA SCALISE""","5500",MARTINEZ DE ROSAS 2260,"4340027",,01/01/1990,-68.8520,-32.8750,-68.852390,-32.875050
"Jardines Exclusivos
",,"0","SIN NOMBRE
","5500",CHACABUCO Y MONTECASEROS,"4237060",,01/01/1990,-68.8310,-32.8770,-68.831040,-32.877640
CENS,,"1",PROFESOR OCTAVIO CORRADINI,"5500",MONTECASEROS 1436,"4256538",,06/05/2008,-68.8310,-32.8870,-68.831580,-32.887120
"EGB3 y Polimodal
",,"0",C√≥ndor de los Andes,"5539",Paso de los Andes 78,"4378128",dge4226@mendoza.edu.ar,04/04/2008,-68.8590,-32.9000,-68.859930,-32.900090
"Jardines Exclusivos
",,"0",CIUDAD DE MENDOZA,"5500","CHILE 1423
","02614231965",,22/02/2012,-68.8440,-32.8860,-68.844790,-32.886080
"Inicial, EGB1 y EGB2","3556.930000","1123",PATRICIAS MENDOCINAS,"5500.000000",GUTIERREZ 338,0261-4250269,dge1123@mendoza.edu.ar,1915/05/10,-68.8430,-32.8870,-68.843370,-32.887860
"Inicial, EGB1 y EGB2
",,"0",CARLOS DANILO BERDASCO,"5500",PABLO NERUDA y PROFESOR LOPEZ,"2613631080",,01/04/2010,-68.9130,-32.8880,-68.913020,-32.888160
CEBA,,"0","""SANTIAGO JOS√? ILLA""","5500",PLANTAMURA S/N,,,02/06/2014,-68.8630,-32.8770,-68.863610,-32.877880
CENS,,"4",ROBERTO ARLT,"5500","PELTIER 611
","4251416",,01/03/2010,-68.8500,-32.8990,-68.850360,-32.899170
CENS,,"1",Padre Jorge Contreras,"5500","ALEM 450
",,dge3407@mendoza.edu.ar,24/04/1990,-68.8320,-32.8920,-68.832630,-32.892180
CENS,,"1",GABRIEL GARC√çA M√ÅRQUEZ,"5500",Espejo 256,"4493678",dge3455@mendoza.edu.a,26/07/2010,-68.8470,-32.8880,-68.847250,-32.888220
CENS,,"1",LEONARDO FAVIO,"5500","CARLOS THAYS S/N
","4200848",,23/05/2011,-68.8740,-32.8870,-68.874580,-32.887130
CENS,,"1",S/NOMBRE,"5500",ALTO GODOY,"45208549",DGE3492@MENDOZA.EDU.AR,,-68.8780,-32.8820,-68.878330,-32.882840
CENS,,"2",COMPL.PENITENCIARIO SAN FELIPE,"5500","PLANTAMURA S/N
",,,17/09/2007,-68.8630,-32.8780,-68.863690,-32.877950
CENS,,"0",COMPLEJO PENITENCIARIO BOULOGNE SUR MER,"5500","BOULOGNE SUR MER 1890
","2612416052",,17/08/2010,-68.8590,-32.8770,-68.859920,-32.877360
CENS,,"0",S/NOMBRE,"5519","JOAQUIN V GONZALEZ 439, DORREGO","4311556",,,-68.8540,-32.8820,-68.854850,-32.881990
EGB3 y Polimodal,,"0",PROFESORA SILVIA CATALLINI,"5500",AV.CIRCUNVALACION ARQ THAYS s/n,"4298834",DGE4238@MENDOZA.EDU.AR,25/02/2011,-68.8740,-32.8870,-68.874680,-32.887040
Art√≠sticas Primarias,,"0",ALBERTO THORMANN,"5500",Ameghino 445¬†,"4303121",dge5031@mendoza.edu.ar,16/05/2016,-68.8380,-32.8620,-68.838770,-32.862810
Centros Laborales,,"0",COMPLEJO PENITENC.II SAN FELIPE,"5500",PLANTAMURA S/N,"15546613",MARITEHERVAS@HOTMAIL.COM,,-68.8630,-32.8770,-68.863780,-32.877640
CENS,,"0",S/NOMBRE,"5500",Plantamura s/n,"2615352534",cens.sanfelipe_3515@yahoo.com,23/10/2017,-68.8630,-32.8770,-68.863520,-32.877700
Centros Laborales,,"2",LEONOR LEMOS,"5500",CASTELAR 570¬†,0261-4231350,,20/05/1958,-68.8260,-32.8700,-68.826330,-32.870020
CEBA,,"1",PUESTO LIMA,"5500",Av. Circunv. Carlos Thays.Parque Gral San Mar,"2612020145",dge3096@mendoza.edu.ar,22/08/1990,-68.8740,-32.8870,-68.874730,-32.887160
"Inicial, EGB1 y EGB2",,,Junta de Disciplina,"5500",Arq. Carlos Thays s/n,,,,-68.8750,-32.8890,-68.875710,-32.889140
CEBA,,"3",TOMBA,"5501",JUAN B. JUSTO 367,0261-4972020,,,-68.8530,-32.8830,-68.853840,-32.883620
