Marca temporal,ID,Tipo de punto,Numero,Clasificacion,ClasificacionNum,TipoResiduo,Cantidad,CantidadNum,¿Se realiza recolección en el momento?,Calidad (grupos),,,,,,,,,,,,,,,,,,,,,,,,,,,,,
01/04/2020 01:45:59 p.m.,PV11,Punto Verde,11,Buena,1.00,Papel,Medio,2.00,Sí,Buena,,,,,,,,,,,,,,,,,,,,,,,,,,,,,
01/04/2020 01:45:59 p.m.,PV11,Punto Verde,11,Buena,1.00,"Vidrio, Metal, Tetra",Medio,2.00,Sí,Buena,,,,,,,,,,,,,,,,,,,,,,,,,,,,,
01/04/2020 01:45:59 p.m.,PV11,Punto Verde,11,Buena,1.00,Plástico,Medio,2.00,Sí,Buena,,,,,,,,,,,,,,,,,,,,,,,,,,,,,
01/04/2020 01:46:19 p.m.,PV7,Punto Verde,7,Buena,1.00,Papel,Alto,3.00,Sí,Buena,,,,,,,,,,,,,,,,,,,,,,,,,,,,,
01/04/2020 01:46:19 p.m.,PV7,Punto Verde,7,Buena,1.00,"Vidrio, Metal, Tetra",Alto,3.00,Sí,Buena,,,,,,,,,,,,,,,,,,,,,,,,,,,,,
01/04/2020 01:46:19 p.m.,PV7,Punto Verde,7,Buena,1.00,Plástico,Alto,3.00,Sí,Buena,,,,,,,,,,,,,,,,,,,,,,,,,,,,,
01/04/2020 01:46:42 p.m.,PV3,Punto Verde,3,Buena,1.00,Papel,Alto,3.00,Sí,Buena,,,,,,,,,,,,,,,,,,,,,,,,,,,,,
01/04/2020 01:46:42 p.m.,PV3,Punto Verde,3,Buena,1.00,"Vidrio, Metal, Tetra",Alto,3.00,Sí,Buena,,,,,,,,,,,,,,,,,,,,,,,,,,,,,
01/04/2020 01:46:42 p.m.,PV3,Punto Verde,3,Buena,1.00,Plástico,Alto,3.00,Sí,Buena,,,,,,,,,,,,,,,,,,,,,,,,,,,,,
01/04/2020 01:50:00 p.m.,PV8,Punto Verde,8,Buena,1.00,Papel,Medio,2.00,Sí,Buena,,,,,,,,,,,,,,,,,,,,,,,,,,,,,
01/04/2020 01:50:00 p.m.,PV8,Punto Verde,8,Buena,1.00,"Vidrio, Metal, Tetra",Medio,2.00,Sí,Buena,,,,,,,,,,,,,,,,,,,,,,,,,,,,,
01/04/2020 01:50:00 p.m.,PV8,Punto Verde,8,Buena,1.00,Plástico,Medio,2.00,Sí,Buena,,,,,,,,,,,,,,,,,,,,,,,,,,,,,
01/04/2020 02:59:12 p.m.,PV12,Punto Verde,12,Regular,2.00,Plástico,Medio,2.00,Sí,Regular,,,,,,,,,,,,,,,,,,,,,,,,,,,,,
01/04/2020 02:59:12 p.m.,PV12,Punto Verde,12,Regular,2.00,Papel,Medio,2.00,Sí,Regular,,,,,,,,,,,,,,,,,,,,,,,,,,,,,
01/04/2020 02:59:12 p.m.,PV12,Punto Verde,12,Regular,2.00,"Vidrio, Metal, Tetra",Medio,2.00,Sí,Regular,,,,,,,,,,,,,,,,,,,,,,,,,,,,,
01/04/2020 03:00:07 p.m.,PV13,Punto Verde,13,Regular,2.00,Plástico,Medio,2.00,Sí,Regular,,,,,,,,,,,,,,,,,,,,,,,,,,,,,
01/04/2020 03:00:07 p.m.,PV13,Punto Verde,13,Regular,2.00,Papel,Medio,2.00,Sí,Regular,,,,,,,,,,,,,,,,,,,,,,,,,,,,,
01/04/2020 03:00:07 p.m.,PV13,Punto Verde,13,Regular,2.00,"Vidrio, Metal, Tetra",Medio,2.00,Sí,Regular,,,,,,,,,,,,,,,,,,,,,,,,,,,,,
01/04/2020 09:20:17 a.m.,PV18,Punto Verde,18,Regular,2.00,Papel,Medio,2.00,Sí,Regular,,,,,,,,,,,,,,,,,,,,,,,,,,,,,
01/04/2020 09:20:17 a.m.,PV18,Punto Verde,18,Regular,2.00,"Vidrio, Metal, Tetra",Bajo,1.00,Sí,Regular,,,,,,,,,,,,,,,,,,,,,,,,,,,,,
01/04/2020 09:20:17 a.m.,PV18,Punto Verde,18,Regular,2.00,Plástico,Bajo,1.00,Sí,Regular,,,,,,,,,,,,,,,,,,,,,,,,,,,,,
01/04/2020 09:20:59 a.m.,PV27,Punto Verde,27,Regular,2.00,Papel,Medio,2.00,Sí,Regular,,,,,,,,,,,,,,,,,,,,,,,,,,,,,
01/04/2020 09:20:59 a.m.,PV27,Punto Verde,27,Regular,2.00,"Vidrio, Metal, Tetra",Bajo,1.00,Sí,Regular,,,,,,,,,,,,,,,,,,,,,,,,,,,,,
01/04/2020 09:20:59 a.m.,PV27,Punto Verde,27,Regular,2.00,Plástico,Bajo,1.00,Sí,Regular,,,,,,,,,,,,,,,,,,,,,,,,,,,,,
01/04/2020 09:21:20 a.m.,PV25,Punto Verde,25,Regular,2.00,Plástico,Medio,2.00,Sí,Regular,,,,,,,,,,,,,,,,,,,,,,,,,,,,,
01/04/2020 09:21:20 a.m.,PV25,Punto Verde,25,Regular,2.00,Papel,Bajo,1.00,Sí,Regular,,,,,,,,,,,,,,,,,,,,,,,,,,,,,
01/04/2020 09:21:20 a.m.,PV25,Punto Verde,25,Regular,2.00,"Vidrio, Metal, Tetra",Bajo,1.00,Sí,Regular,,,,,,,,,,,,,,,,,,,,,,,,,,,,,
01/04/2020 09:21:41 a.m.,PV28,Punto Verde,28,Buena,1.00,Papel,Medio,2.00,Sí,Buena,,,,,,,,,,,,,,,,,,,,,,,,,,,,,
01/04/2020 09:21:41 a.m.,PV28,Punto Verde,28,Buena,1.00,"Vidrio, Metal, Tetra",Medio,2.00,Sí,Buena,,,,,,,,,,,,,,,,,,,,,,,,,,,,,
01/04/2020 09:21:41 a.m.,PV28,Punto Verde,28,Buena,1.00,Plástico,Medio,2.00,Sí,Buena,,,,,,,,,,,,,,,,,,,,,,,,,,,,,
01/04/2020 09:22:28 a.m.,PV29,Punto Verde,29,Regular,2.00,Papel,Medio,2.00,Sí,Regular,,,,,,,,,,,,,,,,,,,,,,,,,,,,,
01/04/2020 09:22:28 a.m.,PV29,Punto Verde,29,Regular,2.00,"Vidrio, Metal, Tetra",Bajo,1.00,Sí,Regular,,,,,,,,,,,,,,,,,,,,,,,,,,,,,
01/04/2020 09:22:28 a.m.,PV29,Punto Verde,29,Regular,2.00,Plástico,Bajo,1.00,Sí,Regular,,,,,,,,,,,,,,,,,,,,,,,,,,,,,
01/04/2020 09:22:48 a.m.,PV24,Punto Verde,24,Regular,2.00,Papel,Bajo,1.00,Sí,Regular,,,,,,,,,,,,,,,,,,,,,,,,,,,,,
01/04/2020 09:22:48 a.m.,PV24,Punto Verde,24,Regular,2.00,"Vidrio, Metal, Tetra",Bajo,1.00,Sí,Regular,,,,,,,,,,,,,,,,,,,,,,,,,,,,,
01/04/2020 09:22:48 a.m.,PV24,Punto Verde,24,Regular,2.00,Plástico,Bajo,1.00,Sí,Regular,,,,,,,,,,,,,,,,,,,,,,,,,,,,,
01/04/2020 09:25:44 a.m.,PV32,Punto Verde,32,Regular,2.00,Papel,Bajo,1.00,Sí,Regular,,,,,,,,,,,,,,,,,,,,,,,,,,,,,
01/04/2020 09:25:44 a.m.,PV32,Punto Verde,32,Regular,2.00,"Vidrio, Metal, Tetra",Bajo,1.00,Sí,Regular,,,,,,,,,,,,,,,,,,,,,,,,,,,,,
01/04/2020 09:25:44 a.m.,PV32,Punto Verde,32,Regular,2.00,Plástico,Bajo,1.00,Sí,Regular,,,,,,,,,,,,,,,,,,,,,,,,,,,,,
01/04/2020 09:27:25 a.m.,PV33,Punto Verde,33,Buena,1.00,Papel,Medio,2.00,Sí,Buena,,,,,,,,,,,,,,,,,,,,,,,,,,,,,
01/04/2020 09:27:25 a.m.,PV33,Punto Verde,33,Buena,1.00,"Vidrio, Metal, Tetra",Medio,2.00,Sí,Buena,,,,,,,,,,,,,,,,,,,,,,,,,,,,,
01/04/2020 09:27:25 a.m.,PV33,Punto Verde,33,Buena,1.00,Plástico,Medio,2.00,Sí,Buena,,,,,,,,,,,,,,,,,,,,,,,,,,,,,
01/04/2020 09:29:00 a.m.,PV34,Punto Verde,34,Regular,2.00,Plástico,Medio,2.00,Sí,Regular,,,,,,,,,,,,,,,,,,,,,,,,,,,,,
01/04/2020 09:29:00 a.m.,PV34,Punto Verde,34,Regular,2.00,Papel,Medio,2.00,Sí,Regular,,,,,,,,,,,,,,,,,,,,,,,,,,,,,
01/04/2020 09:29:00 a.m.,PV34,Punto Verde,34,Regular,2.00,"Vidrio, Metal, Tetra",Medio,2.00,Sí,Regular,,,,,,,,,,,,,,,,,,,,,,,,,,,,,
01/04/2020 09:29:53 a.m.,PV35,Punto Verde,35,Buena,1.00,Plástico,Bajo,1.00,Sí,Buena,,,,,,,,,,,,,,,,,,,,,,,,,,,,,
01/04/2020 09:29:53 a.m.,PV35,Punto Verde,35,Buena,1.00,Papel,Medio,2.00,Sí,Buena,,,,,,,,,,,,,,,,,,,,,,,,,,,,,
01/04/2020 09:29:53 a.m.,PV35,Punto Verde,35,Buena,1.00,"Vidrio, Metal, Tetra",Medio,2.00,Sí,Buena,,,,,,,,,,,,,,,,,,,,,,,,,,,,,
01/04/2020 09:32:15 a.m.,PV38,Punto Verde,38,Buena,1.00,Papel,Medio,2.00,Sí,Buena,,,,,,,,,,,,,,,,,,,,,,,,,,,,,
01/04/2020 09:32:15 a.m.,PV38,Punto Verde,38,Buena,1.00,"Vidrio, Metal, Tetra",Medio,2.00,Sí,Buena,,,,,,,,,,,,,,,,,,,,,,,,,,,,,
01/04/2020 09:32:15 a.m.,PV38,Punto Verde,38,Buena,1.00,Plástico,Medio,2.00,Sí,Buena,,,,,,,,,,,,,,,,,,,,,,,,,,,,,
01/04/2020 09:32:42 a.m.,PV36,Punto Verde,36,Buena,1.00,Papel,Medio,2.00,Sí,Buena,,,,,,,,,,,,,,,,,,,,,,,,,,,,,
01/04/2020 09:32:42 a.m.,PV36,Punto Verde,36,Buena,1.00,"Vidrio, Metal, Tetra",Medio,2.00,Sí,Buena,,,,,,,,,,,,,,,,,,,,,,,,,,,,,
01/04/2020 09:32:42 a.m.,PV36,Punto Verde,36,Buena,1.00,Plástico,Medio,2.00,Sí,Buena,,,,,,,,,,,,,,,,,,,,,,,,,,,,,
01/04/2020 09:56:18 a.m.,PV21,Punto Verde,21,Regular,2.00,Papel,Medio,2.00,Sí,Regular,,,,,,,,,,,,,,,,,,,,,,,,,,,,,
01/04/2020 09:56:18 a.m.,PV21,Punto Verde,21,Regular,2.00,"Vidrio, Metal, Tetra",Bajo,1.00,Sí,Regular,,,,,,,,,,,,,,,,,,,,,,,,,,,,,
01/04/2020 09:56:18 a.m.,PV21,Punto Verde,21,Regular,2.00,Plástico,Bajo,1.00,Sí,Regular,,,,,,,,,,,,,,,,,,,,,,,,,,,,,
01/04/2020 09:56:44 a.m.,PV20,Punto Verde,20,Regular,2.00,Plástico,Medio,2.00,Sí,Regular,,,,,,,,,,,,,,,,,,,,,,,,,,,,,
01/04/2020 09:56:44 a.m.,PV20,Punto Verde,20,Regular,2.00,Papel,Medio,2.00,Sí,Regular,,,,,,,,,,,,,,,,,,,,,,,,,,,,,
01/04/2020 09:56:44 a.m.,PV20,Punto Verde,20,Regular,2.00,"Vidrio, Metal, Tetra",Medio,2.00,Sí,Regular,,,,,,,,,,,,,,,,,,,,,,,,,,,,,
01/04/2020 09:57:43 a.m.,PV23,Punto Verde,23,Regular,2.00,Plástico,Medio,2.00,Sí,Regular,,,,,,,,,,,,,,,,,,,,,,,,,,,,,
01/04/2020 09:57:43 a.m.,PV23,Punto Verde,23,Regular,2.00,Papel,Medio,2.00,Sí,Regular,,,,,,,,,,,,,,,,,,,,,,,,,,,,,
01/04/2020 09:57:43 a.m.,PV23,Punto Verde,23,Regular,2.00,"Vidrio, Metal, Tetra",Medio,2.00,Sí,Regular,,,,,,,,,,,,,,,,,,,,,,,,,,,,,
08/04/2020 10:36:15 a.m.,PV13,Punto Verde,13,Regular,2.00,Plástico,Medio,2.00,Sí,Regular,,,,,,,,,,,,,,,,,,,,,,,,,,,,,
08/04/2020 10:36:15 a.m.,PV13,Punto Verde,13,Regular,2.00,Papel,Medio,2.00,Sí,Regular,,,,,,,,,,,,,,,,,,,,,,,,,,,,,
08/04/2020 10:36:15 a.m.,PV13,Punto Verde,13,Regular,2.00,"Vidrio, Metal, Tetra",Medio,2.00,Sí,Regular,,,,,,,,,,,,,,,,,,,,,,,,,,,,,
08/04/2020 10:38:54 a.m.,PV18,Punto Verde,18,Regular,2.00,Papel,Medio,2.00,Sí,Regular,,,,,,,,,,,,,,,,,,,,,,,,,,,,,
08/04/2020 10:38:54 a.m.,PV18,Punto Verde,18,Regular,2.00,"Vidrio, Metal, Tetra",Bajo,1.00,Sí,Regular,,,,,,,,,,,,,,,,,,,,,,,,,,,,,
08/04/2020 10:38:54 a.m.,PV18,Punto Verde,18,Regular,2.00,Plástico,Bajo,1.00,Sí,Regular,,,,,,,,,,,,,,,,,,,,,,,,,,,,,
08/04/2020 10:40:22 a.m.,PV25,Punto Verde,25,Regular,2.00,Papel,Bajo,1.00,Sí,Regular,,,,,,,,,,,,,,,,,,,,,,,,,,,,,
08/04/2020 10:40:22 a.m.,PV25,Punto Verde,25,Regular,2.00,"Vidrio, Metal, Tetra",Bajo,1.00,Sí,Regular,,,,,,,,,,,,,,,,,,,,,,,,,,,,,
08/04/2020 10:40:22 a.m.,PV25,Punto Verde,25,Regular,2.00,Plástico,Bajo,1.00,Sí,Regular,,,,,,,,,,,,,,,,,,,,,,,,,,,,,
08/04/2020 10:40:38 a.m.,PV28,Punto Verde,28,Mala,3.00,Papel,Bajo,1.00,Sí,Mala,,,,,,,,,,,,,,,,,,,,,,,,,,,,,
08/04/2020 10:40:38 a.m.,PV28,Punto Verde,28,Mala,3.00,"Vidrio, Metal, Tetra",Bajo,1.00,Sí,Mala,,,,,,,,,,,,,,,,,,,,,,,,,,,,,
08/04/2020 10:40:38 a.m.,PV28,Punto Verde,28,Mala,3.00,Plástico,Bajo,1.00,Sí,Mala,,,,,,,,,,,,,,,,,,,,,,,,,,,,,
08/04/2020 10:41:08 a.m.,PV27,Punto Verde,27,Regular,2.00,Plástico,Medio,2.00,Sí,Regular,,,,,,,,,,,,,,,,,,,,,,,,,,,,,
08/04/2020 10:41:08 a.m.,PV27,Punto Verde,27,Regular,2.00,Papel,Medio,2.00,Sí,Regular,,,,,,,,,,,,,,,,,,,,,,,,,,,,,
08/04/2020 10:41:08 a.m.,PV27,Punto Verde,27,Regular,2.00,"Vidrio, Metal, Tetra",Medio,2.00,Sí,Regular,,,,,,,,,,,,,,,,,,,,,,,,,,,,,
08/04/2020 10:41:38 a.m.,PV29,Punto Verde,29,Regular,2.00,Papel,Medio,2.00,Sí,Regular,,,,,,,,,,,,,,,,,,,,,,,,,,,,,
08/04/2020 10:41:38 a.m.,PV29,Punto Verde,29,Regular,2.00,"Vidrio, Metal, Tetra",Bajo,1.00,Sí,Regular,,,,,,,,,,,,,,,,,,,,,,,,,,,,,
08/04/2020 10:41:38 a.m.,PV29,Punto Verde,29,Regular,2.00,Plástico,Bajo,1.00,Sí,Regular,,,,,,,,,,,,,,,,,,,,,,,,,,,,,
08/04/2020 10:42:02 a.m.,PV24,Punto Verde,24,Regular,2.00,Plástico,Medio,2.00,Sí,Regular,,,,,,,,,,,,,,,,,,,,,,,,,,,,,
08/04/2020 10:42:02 a.m.,PV24,Punto Verde,24,Regular,2.00,Papel,Medio,2.00,Sí,Regular,,,,,,,,,,,,,,,,,,,,,,,,,,,,,
08/04/2020 10:42:02 a.m.,PV24,Punto Verde,24,Regular,2.00,"Vidrio, Metal, Tetra",Medio,2.00,Sí,Regular,,,,,,,,,,,,,,,,,,,,,,,,,,,,,
08/04/2020 10:44:17 a.m.,PV32,Punto Verde,32,Regular,2.00,Plástico,Medio,2.00,Sí,Regular,,,,,,,,,,,,,,,,,,,,,,,,,,,,,
08/04/2020 10:44:17 a.m.,PV32,Punto Verde,32,Regular,2.00,Papel,Medio,2.00,Sí,Regular,,,,,,,,,,,,,,,,,,,,,,,,,,,,,
08/04/2020 10:44:17 a.m.,PV32,Punto Verde,32,Regular,2.00,"Vidrio, Metal, Tetra",Medio,2.00,Sí,Regular,,,,,,,,,,,,,,,,,,,,,,,,,,,,,
08/04/2020 10:45:29 a.m.,PV33,Punto Verde,33,Regular,2.00,Plástico,Medio,2.00,Sí,Regular,,,,,,,,,,,,,,,,,,,,,,,,,,,,,
08/04/2020 10:45:29 a.m.,PV33,Punto Verde,33,Regular,2.00,Papel,Medio,2.00,Sí,Regular,,,,,,,,,,,,,,,,,,,,,,,,,,,,,
08/04/2020 10:45:29 a.m.,PV33,Punto Verde,33,Regular,2.00,"Vidrio, Metal, Tetra",Medio,2.00,Sí,Regular,,,,,,,,,,,,,,,,,,,,,,,,,,,,,
08/04/2020 10:47:06 a.m.,PV34,Punto Verde,34,Regular,2.00,Papel,Medio,2.00,Sí,Regular,,,,,,,,,,,,,,,,,,,,,,,,,,,,,
08/04/2020 10:47:06 a.m.,PV34,Punto Verde,34,Regular,2.00,"Vidrio, Metal, Tetra",Bajo,1.00,Sí,Regular,,,,,,,,,,,,,,,,,,,,,,,,,,,,,
08/04/2020 10:47:06 a.m.,PV34,Punto Verde,34,Regular,2.00,Plástico,Bajo,1.00,Sí,Regular,,,,,,,,,,,,,,,,,,,,,,,,,,,,,
08/04/2020 10:47:30 a.m.,PV35,Punto Verde,35,Regular,2.00,Plástico,Medio,2.00,Sí,Regular,,,,,,,,,,,,,,,,,,,,,,,,,,,,,
08/04/2020 10:47:30 a.m.,PV35,Punto Verde,35,Regular,2.00,Papel,Medio,2.00,Sí,Regular,,,,,,,,,,,,,,,,,,,,,,,,,,,,,
08/04/2020 10:47:30 a.m.,PV35,Punto Verde,35,Regular,2.00,"Vidrio, Metal, Tetra",Medio,2.00,Sí,Regular,,,,,,,,,,,,,,,,,,,,,,,,,,,,,
08/04/2020 10:48:49 a.m.,PV36,Punto Verde,36,Regular,2.00,Plástico,Medio,2.00,Sí,Regular,,,,,,,,,,,,,,,,,,,,,,,,,,,,,
08/04/2020 10:48:49 a.m.,PV36,Punto Verde,36,Regular,2.00,Papel,Medio,2.00,Sí,Regular,,,,,,,,,,,,,,,,,,,,,,,,,,,,,
08/04/2020 10:48:49 a.m.,PV36,Punto Verde,36,Regular,2.00,"Vidrio, Metal, Tetra",Medio,2.00,Sí,Regular,,,,,,,,,,,,,,,,,,,,,,,,,,,,,
08/04/2020 12:12:09 p.m.,PV21,Punto Verde,21,Regular,2.00,Plástico,Medio,2.00,Sí,Regular,,,,,,,,,,,,,,,,,,,,,,,,,,,,,
08/04/2020 12:12:09 p.m.,PV21,Punto Verde,21,Regular,2.00,Papel,Medio,2.00,Sí,Regular,,,,,,,,,,,,,,,,,,,,,,,,,,,,,
08/04/2020 12:12:09 p.m.,PV21,Punto Verde,21,Regular,2.00,"Vidrio, Metal, Tetra",Medio,2.00,Sí,Regular,,,,,,,,,,,,,,,,,,,,,,,,,,,,,
08/04/2020 12:12:32 p.m.,PV20,Punto Verde,20,Regular,2.00,Plástico,Medio,2.00,Sí,Regular,,,,,,,,,,,,,,,,,,,,,,,,,,,,,
08/04/2020 12:12:32 p.m.,PV20,Punto Verde,20,Regular,2.00,Papel,Medio,2.00,Sí,Regular,,,,,,,,,,,,,,,,,,,,,,,,,,,,,
08/04/2020 12:12:32 p.m.,PV20,Punto Verde,20,Regular,2.00,"Vidrio, Metal, Tetra",Medio,2.00,Sí,Regular,,,,,,,,,,,,,,,,,,,,,,,,,,,,,
08/04/2020 12:14:12 p.m.,PV23,Punto Verde,23,Regular,2.00,Plástico,Medio,2.00,Sí,Regular,,,,,,,,,,,,,,,,,,,,,,,,,,,,,
08/04/2020 12:14:12 p.m.,PV23,Punto Verde,23,Regular,2.00,Papel,Medio,2.00,Sí,Regular,,,,,,,,,,,,,,,,,,,,,,,,,,,,,
08/04/2020 12:14:12 p.m.,PV23,Punto Verde,23,Regular,2.00,"Vidrio, Metal, Tetra",Medio,2.00,Sí,Regular,,,,,,,,,,,,,,,,,,,,,,,,,,,,,
08/04/2020 12:16:58 p.m.,PV11,Punto Verde,11,Buena,1.00,Papel,Medio,2.00,Sí,Buena,,,,,,,,,,,,,,,,,,,,,,,,,,,,,
08/04/2020 12:16:58 p.m.,PV11,Punto Verde,11,Buena,1.00,"Vidrio, Metal, Tetra",Medio,2.00,Sí,Buena,,,,,,,,,,,,,,,,,,,,,,,,,,,,,
08/04/2020 12:16:58 p.m.,PV11,Punto Verde,11,Buena,1.00,Plástico,Medio,2.00,Sí,Buena,,,,,,,,,,,,,,,,,,,,,,,,,,,,,
08/04/2020 12:17:18 p.m.,PV7,Punto Verde,7,Regular,2.00,Plástico,Medio,2.00,Sí,Regular,,,,,,,,,,,,,,,,,,,,,,,,,,,,,
08/04/2020 12:17:18 p.m.,PV7,Punto Verde,7,Regular,2.00,Papel,Medio,2.00,Sí,Regular,,,,,,,,,,,,,,,,,,,,,,,,,,,,,
08/04/2020 12:17:18 p.m.,PV7,Punto Verde,7,Regular,2.00,"Vidrio, Metal, Tetra",Medio,2.00,Sí,Regular,,,,,,,,,,,,,,,,,,,,,,,,,,,,,
08/04/2020 12:17:42 p.m.,PV3,Punto Verde,3,Regular,2.00,Plástico,Medio,2.00,Sí,Regular,,,,,,,,,,,,,,,,,,,,,,,,,,,,,
08/04/2020 12:17:42 p.m.,PV3,Punto Verde,3,Regular,2.00,Papel,Medio,2.00,Sí,Regular,,,,,,,,,,,,,,,,,,,,,,,,,,,,,
08/04/2020 12:17:42 p.m.,PV3,Punto Verde,3,Regular,2.00,"Vidrio, Metal, Tetra",Medio,2.00,Sí,Regular,,,,,,,,,,,,,,,,,,,,,,,,,,,,,
08/04/2020 12:27:45 p.m.,PV1,Punto Verde,1,Regular,2.00,Plástico,Medio,2.00,Sí,Regular,,,,,,,,,,,,,,,,,,,,,,,,,,,,,
08/04/2020 12:27:45 p.m.,PV1,Punto Verde,1,Regular,2.00,Papel,Medio,2.00,Sí,Regular,,,,,,,,,,,,,,,,,,,,,,,,,,,,,
08/04/2020 12:27:45 p.m.,PV1,Punto Verde,1,Regular,2.00,"Vidrio, Metal, Tetra",Medio,2.00,Sí,Regular,,,,,,,,,,,,,,,,,,,,,,,,,,,,,
08/04/2020 12:30:11 p.m.,PV8,Punto Verde,8,Regular,2.00,Plástico,Medio,2.00,Sí,Regular,,,,,,,,,,,,,,,,,,,,,,,,,,,,,
08/04/2020 12:30:11 p.m.,PV8,Punto Verde,8,Regular,2.00,Papel,Medio,2.00,Sí,Regular,,,,,,,,,,,,,,,,,,,,,,,,,,,,,
08/04/2020 12:30:11 p.m.,PV8,Punto Verde,8,Regular,2.00,"Vidrio, Metal, Tetra",Bajo,1.00,Sí,Regular,,,,,,,,,,,,,,,,,,,,,,,,,,,,,
13/03/2020 08:00:45 a.m.,PV5,Punto Verde,5,Buena,1.00,"Vidrio, Metal, Tetra",Bajo,1.00,Sí,Buena,,,,,,,,,,,,,,,,,,,,,,,,,,,,,
13/03/2020 08:00:45 a.m.,PV5,Punto Verde,5,Buena,1.00,Plástico,Alto,3.00,Sí,Buena,,,,,,,,,,,,,,,,,,,,,,,,,,,,,
13/03/2020 08:00:45 a.m.,PV5,Punto Verde,5,Buena,1.00,Papel,Medio,2.00,Sí,Buena,,,,,,,,,,,,,,,,,,,,,,,,,,,,,
13/03/2020 09:17:39 a.m.,PV4,Punto Verde,4,Regular,2.00,Plástico,Medio,2.00,Sí,Regular,,,,,,,,,,,,,,,,,,,,,,,,,,,,,
13/03/2020 09:17:39 a.m.,PV4,Punto Verde,4,Regular,2.00,"Vidrio, Metal, Tetra",Bajo,1.00,Sí,Regular,,,,,,,,,,,,,,,,,,,,,,,,,,,,,
13/03/2020 09:17:39 a.m.,PV4,Punto Verde,4,Regular,2.00,Papel,Alto,3.00,Sí,Regular,,,,,,,,,,,,,,,,,,,,,,,,,,,,,
13/03/2020 09:19:40 a.m.,PV3,Punto Verde,3,Buena,1.00,"Vidrio, Metal, Tetra",Bajo,1.00,Sí,Buena,,,,,,,,,,,,,,,,,,,,,,,,,,,,,
13/03/2020 09:19:40 a.m.,PV3,Punto Verde,3,Buena,1.00,Papel,Medio,2.00,Sí,Buena,,,,,,,,,,,,,,,,,,,,,,,,,,,,,
13/03/2020 09:19:40 a.m.,PV3,Punto Verde,3,Buena,1.00,Plástico,Medio,2.00,Sí,Buena,,,,,,,,,,,,,,,,,,,,,,,,,,,,,
13/03/2020 09:20:05 a.m.,PV2,Punto Verde,2,Buena,1.00,Papel,Medio,2.00,Sí,Buena,,,,,,,,,,,,,,,,,,,,,,,,,,,,,
13/03/2020 09:20:05 a.m.,PV2,Punto Verde,2,Buena,1.00,"Vidrio, Metal, Tetra",Medio,2.00,Sí,Buena,,,,,,,,,,,,,,,,,,,,,,,,,,,,,
13/03/2020 09:20:05 a.m.,PV2,Punto Verde,2,Buena,1.00,Plástico,Medio,2.00,Sí,Buena,,,,,,,,,,,,,,,,,,,,,,,,,,,,,
13/05/2020 10:38:38 a.m.,PV18,Punto Verde,18,Regular,2.00,Plástico,Medio,2.00,Sí,Regular,,,,,,,,,,,,,,,,,,,,,,,,,,,,,
13/05/2020 10:38:38 a.m.,PV18,Punto Verde,18,Regular,2.00,Papel,Medio,2.00,Sí,Regular,,,,,,,,,,,,,,,,,,,,,,,,,,,,,
13/05/2020 10:38:38 a.m.,PV18,Punto Verde,18,Regular,2.00,"Vidrio, Metal, Tetra",Bajo,1.00,Sí,Regular,,,,,,,,,,,,,,,,,,,,,,,,,,,,,
13/05/2020 10:39:47 a.m.,PV25,Punto Verde,25,Regular,2.00,Plástico,Medio,2.00,Sí,Regular,,,,,,,,,,,,,,,,,,,,,,,,,,,,,
13/05/2020 10:39:47 a.m.,PV25,Punto Verde,25,Regular,2.00,Papel,Medio,2.00,Sí,Regular,,,,,,,,,,,,,,,,,,,,,,,,,,,,,
13/05/2020 10:39:47 a.m.,PV25,Punto Verde,25,Regular,2.00,"Vidrio, Metal, Tetra",Medio,2.00,Sí,Regular,,,,,,,,,,,,,,,,,,,,,,,,,,,,,
13/05/2020 10:40:12 a.m.,PV27,Punto Verde,27,Regular,2.00,Plástico,Medio,2.00,Sí,Regular,,,,,,,,,,,,,,,,,,,,,,,,,,,,,
13/05/2020 10:40:12 a.m.,PV27,Punto Verde,27,Regular,2.00,Papel,Medio,2.00,Sí,Regular,,,,,,,,,,,,,,,,,,,,,,,,,,,,,
13/05/2020 10:40:12 a.m.,PV27,Punto Verde,27,Regular,2.00,"Vidrio, Metal, Tetra",Medio,2.00,Sí,Regular,,,,,,,,,,,,,,,,,,,,,,,,,,,,,
13/05/2020 10:40:28 a.m.,PV28,Punto Verde,28,Regular,2.00,Plástico,Medio,2.00,Sí,Regular,,,,,,,,,,,,,,,,,,,,,,,,,,,,,
13/05/2020 10:40:28 a.m.,PV28,Punto Verde,28,Regular,2.00,Papel,Medio,2.00,Sí,Regular,,,,,,,,,,,,,,,,,,,,,,,,,,,,,
13/05/2020 10:40:28 a.m.,PV28,Punto Verde,28,Regular,2.00,"Vidrio, Metal, Tetra",Bajo,1.00,Sí,Regular,,,,,,,,,,,,,,,,,,,,,,,,,,,,,
13/05/2020 10:40:52 a.m.,PV29,Punto Verde,29,Regular,2.00,Papel,Medio,2.00,Sí,Regular,,,,,,,,,,,,,,,,,,,,,,,,,,,,,
13/05/2020 10:40:52 a.m.,PV29,Punto Verde,29,Regular,2.00,"Vidrio, Metal, Tetra",Bajo,1.00,Sí,Regular,,,,,,,,,,,,,,,,,,,,,,,,,,,,,
13/05/2020 10:40:52 a.m.,PV29,Punto Verde,29,Regular,2.00,Plástico,Bajo,1.00,Sí,Regular,,,,,,,,,,,,,,,,,,,,,,,,,,,,,
13/05/2020 10:41:10 a.m.,PV24,Punto Verde,24,Regular,2.00,Plástico,Medio,2.00,Sí,Regular,,,,,,,,,,,,,,,,,,,,,,,,,,,,,
13/05/2020 10:41:10 a.m.,PV24,Punto Verde,24,Regular,2.00,Papel,Bajo,1.00,Sí,Regular,,,,,,,,,,,,,,,,,,,,,,,,,,,,,
13/05/2020 10:41:10 a.m.,PV24,Punto Verde,24,Regular,2.00,"Vidrio, Metal, Tetra",Bajo,1.00,Sí,Regular,,,,,,,,,,,,,,,,,,,,,,,,,,,,,
13/05/2020 10:43:15 a.m.,PV32,Punto Verde,32,Regular,2.00,Plástico,Medio,2.00,Sí,Regular,,,,,,,,,,,,,,,,,,,,,,,,,,,,,
13/05/2020 10:43:15 a.m.,PV32,Punto Verde,32,Regular,2.00,Papel,Bajo,1.00,Sí,Regular,,,,,,,,,,,,,,,,,,,,,,,,,,,,,
13/05/2020 10:43:15 a.m.,PV32,Punto Verde,32,Regular,2.00,"Vidrio, Metal, Tetra",Bajo,1.00,Sí,Regular,,,,,,,,,,,,,,,,,,,,,,,,,,,,,
13/05/2020 10:44:07 a.m.,PV33,Punto Verde,33,Regular,2.00,Plástico,Medio,2.00,Sí,Regular,,,,,,,,,,,,,,,,,,,,,,,,,,,,,
13/05/2020 10:44:07 a.m.,PV33,Punto Verde,33,Regular,2.00,Papel,Bajo,1.00,Sí,Regular,,,,,,,,,,,,,,,,,,,,,,,,,,,,,
13/05/2020 10:44:07 a.m.,PV33,Punto Verde,33,Regular,2.00,"Vidrio, Metal, Tetra",Bajo,1.00,Sí,Regular,,,,,,,,,,,,,,,,,,,,,,,,,,,,,
13/05/2020 11:32:29 a.m.,PV34,Punto Verde,34,Regular,2.00,Papel,Medio,2.00,Sí,Regular,,,,,,,,,,,,,,,,,,,,,,,,,,,,,
13/05/2020 11:32:29 a.m.,PV34,Punto Verde,34,Regular,2.00,"Vidrio, Metal, Tetra",Bajo,1.00,Sí,Regular,,,,,,,,,,,,,,,,,,,,,,,,,,,,,
13/05/2020 11:32:29 a.m.,PV34,Punto Verde,34,Regular,2.00,Plástico,Bajo,1.00,Sí,Regular,,,,,,,,,,,,,,,,,,,,,,,,,,,,,
13/05/2020 11:32:55 a.m.,PV35,Punto Verde,35,Regular,2.00,Plástico,Medio,2.00,Sí,Regular,,,,,,,,,,,,,,,,,,,,,,,,,,,,,
13/05/2020 11:32:55 a.m.,PV35,Punto Verde,35,Regular,2.00,Papel,Medio,2.00,Sí,Regular,,,,,,,,,,,,,,,,,,,,,,,,,,,,,
13/05/2020 11:32:55 a.m.,PV35,Punto Verde,35,Regular,2.00,"Vidrio, Metal, Tetra",Bajo,1.00,Sí,Regular,,,,,,,,,,,,,,,,,,,,,,,,,,,,,
13/05/2020 11:45:50 a.m.,PV36,Punto Verde,36,Regular,2.00,Plástico,Medio,2.00,Sí,Regular,,,,,,,,,,,,,,,,,,,,,,,,,,,,,
13/05/2020 11:45:50 a.m.,PV36,Punto Verde,36,Regular,2.00,Papel,Medio,2.00,Sí,Regular,,,,,,,,,,,,,,,,,,,,,,,,,,,,,
13/05/2020 11:45:50 a.m.,PV36,Punto Verde,36,Regular,2.00,"Vidrio, Metal, Tetra",Medio,2.00,Sí,Regular,,,,,,,,,,,,,,,,,,,,,,,,,,,,,
15/04/2020 03:13:10 p.m.,PV8,Punto Verde,8,Regular,2.00,Plástico,Medio,2.00,Sí,Regular,,,,,,,,,,,,,,,,,,,,,,,,,,,,,
15/04/2020 03:13:10 p.m.,PV8,Punto Verde,8,Regular,2.00,Papel,Medio,2.00,Sí,Regular,,,,,,,,,,,,,,,,,,,,,,,,,,,,,
15/04/2020 03:13:10 p.m.,PV8,Punto Verde,8,Regular,2.00,"Vidrio, Metal, Tetra",Bajo,1.00,Sí,Regular,,,,,,,,,,,,,,,,,,,,,,,,,,,,,
15/04/2020 10:05:52 a.m.,PV18,Punto Verde,18,Regular,2.00,Plástico,Medio,2.00,Sí,Regular,,,,,,,,,,,,,,,,,,,,,,,,,,,,,
15/04/2020 10:05:52 a.m.,PV18,Punto Verde,18,Regular,2.00,Papel,Medio,2.00,Sí,Regular,,,,,,,,,,,,,,,,,,,,,,,,,,,,,
15/04/2020 10:05:52 a.m.,PV18,Punto Verde,18,Regular,2.00,"Vidrio, Metal, Tetra",Bajo,1.00,Sí,Regular,,,,,,,,,,,,,,,,,,,,,,,,,,,,,
15/04/2020 10:07:25 a.m.,PV25,Punto Verde,25,Regular,2.00,Papel,Medio,2.00,Sí,Regular,,,,,,,,,,,,,,,,,,,,,,,,,,,,,
15/04/2020 10:07:25 a.m.,PV25,Punto Verde,25,Regular,2.00,"Vidrio, Metal, Tetra",Bajo,1.00,Sí,Regular,,,,,,,,,,,,,,,,,,,,,,,,,,,,,
15/04/2020 10:07:25 a.m.,PV25,Punto Verde,25,Regular,2.00,Plástico,Bajo,1.00,Sí,Regular,,,,,,,,,,,,,,,,,,,,,,,,,,,,,
15/04/2020 10:07:47 a.m.,PV28,Punto Verde,28,Regular,2.00,Plástico,Medio,2.00,Sí,Regular,,,,,,,,,,,,,,,,,,,,,,,,,,,,,
15/04/2020 10:07:47 a.m.,PV28,Punto Verde,28,Regular,2.00,Papel,Medio,2.00,Sí,Regular,,,,,,,,,,,,,,,,,,,,,,,,,,,,,
15/04/2020 10:07:47 a.m.,PV28,Punto Verde,28,Regular,2.00,"Vidrio, Metal, Tetra",Bajo,1.00,Sí,Regular,,,,,,,,,,,,,,,,,,,,,,,,,,,,,
15/04/2020 10:08:06 a.m.,PV27,Punto Verde,27,Regular,2.00,Plástico,Medio,2.00,Sí,Regular,,,,,,,,,,,,,,,,,,,,,,,,,,,,,
15/04/2020 10:08:06 a.m.,PV27,Punto Verde,27,Regular,2.00,Papel,Medio,2.00,Sí,Regular,,,,,,,,,,,,,,,,,,,,,,,,,,,,,
15/04/2020 10:08:06 a.m.,PV27,Punto Verde,27,Regular,2.00,"Vidrio, Metal, Tetra",Bajo,1.00,Sí,Regular,,,,,,,,,,,,,,,,,,,,,,,,,,,,,
15/04/2020 10:08:38 a.m.,PV29,Punto Verde,29,Regular,2.00,Plástico,Medio,2.00,Sí,Regular,,,,,,,,,,,,,,,,,,,,,,,,,,,,,
15/04/2020 10:08:38 a.m.,PV29,Punto Verde,29,Regular,2.00,Papel,Medio,2.00,Sí,Regular,,,,,,,,,,,,,,,,,,,,,,,,,,,,,
15/04/2020 10:08:38 a.m.,PV29,Punto Verde,29,Regular,2.00,"Vidrio, Metal, Tetra",Bajo,1.00,Sí,Regular,,,,,,,,,,,,,,,,,,,,,,,,,,,,,
15/04/2020 10:09:01 a.m.,PV24,Punto Verde,24,Regular,2.00,Plástico,Medio,2.00,Sí,Regular,,,,,,,,,,,,,,,,,,,,,,,,,,,,,
15/04/2020 10:09:01 a.m.,PV24,Punto Verde,24,Regular,2.00,Papel,Medio,2.00,Sí,Regular,,,,,,,,,,,,,,,,,,,,,,,,,,,,,
15/04/2020 10:09:01 a.m.,PV24,Punto Verde,24,Regular,2.00,"Vidrio, Metal, Tetra",Medio,2.00,Sí,Regular,,,,,,,,,,,,,,,,,,,,,,,,,,,,,
15/04/2020 10:11:13 a.m.,PV32,Punto Verde,32,Regular,2.00,Plástico,Medio,2.00,Sí,Regular,,,,,,,,,,,,,,,,,,,,,,,,,,,,,
15/04/2020 10:11:13 a.m.,PV32,Punto Verde,32,Regular,2.00,Papel,Medio,2.00,Sí,Regular,,,,,,,,,,,,,,,,,,,,,,,,,,,,,
15/04/2020 10:11:13 a.m.,PV32,Punto Verde,32,Regular,2.00,"Vidrio, Metal, Tetra",Bajo,1.00,Sí,Regular,,,,,,,,,,,,,,,,,,,,,,,,,,,,,
15/04/2020 10:12:26 a.m.,PV33,Punto Verde,33,Regular,2.00,Papel,Bajo,1.00,Sí,Regular,,,,,,,,,,,,,,,,,,,,,,,,,,,,,
15/04/2020 10:12:26 a.m.,PV33,Punto Verde,33,Regular,2.00,"Vidrio, Metal, Tetra",Bajo,1.00,Sí,Regular,,,,,,,,,,,,,,,,,,,,,,,,,,,,,
15/04/2020 10:12:26 a.m.,PV33,Punto Verde,33,Regular,2.00,Plástico,Bajo,1.00,Sí,Regular,,,,,,,,,,,,,,,,,,,,,,,,,,,,,
15/04/2020 10:14:28 a.m.,PV34,Punto Verde,34,Regular,2.00,Plástico,Medio,2.00,Sí,Regular,,,,,,,,,,,,,,,,,,,,,,,,,,,,,
15/04/2020 10:14:28 a.m.,PV34,Punto Verde,34,Regular,2.00,Papel,Bajo,1.00,Sí,Regular,,,,,,,,,,,,,,,,,,,,,,,,,,,,,
15/04/2020 10:14:28 a.m.,PV34,Punto Verde,34,Regular,2.00,"Vidrio, Metal, Tetra",Bajo,1.00,Sí,Regular,,,,,,,,,,,,,,,,,,,,,,,,,,,,,
15/04/2020 10:14:55 a.m.,PV35,Punto Verde,35,Regular,2.00,Plástico,Medio,2.00,Sí,Regular,,,,,,,,,,,,,,,,,,,,,,,,,,,,,
15/04/2020 10:14:55 a.m.,PV35,Punto Verde,35,Regular,2.00,Papel,Medio,2.00,Sí,Regular,,,,,,,,,,,,,,,,,,,,,,,,,,,,,
15/04/2020 10:14:55 a.m.,PV35,Punto Verde,35,Regular,2.00,"Vidrio, Metal, Tetra",Bajo,1.00,Sí,Regular,,,,,,,,,,,,,,,,,,,,,,,,,,,,,
15/04/2020 10:16:55 a.m.,PV36,Punto Verde,36,Regular,2.00,Plástico,Medio,2.00,Sí,Regular,,,,,,,,,,,,,,,,,,,,,,,,,,,,,
15/04/2020 10:16:55 a.m.,PV36,Punto Verde,36,Regular,2.00,Papel,Medio,2.00,Sí,Regular,,,,,,,,,,,,,,,,,,,,,,,,,,,,,
15/04/2020 10:16:55 a.m.,PV36,Punto Verde,36,Regular,2.00,"Vidrio, Metal, Tetra",Bajo,1.00,Sí,Regular,,,,,,,,,,,,,,,,,,,,,,,,,,,,,
15/04/2020 10:21:02 a.m.,PV21,Punto Verde,21,Regular,2.00,Plástico,Medio,2.00,Sí,Regular,,,,,,,,,,,,,,,,,,,,,,,,,,,,,
15/04/2020 10:21:02 a.m.,PV21,Punto Verde,21,Regular,2.00,Papel,Medio,2.00,Sí,Regular,,,,,,,,,,,,,,,,,,,,,,,,,,,,,
15/04/2020 10:21:02 a.m.,PV21,Punto Verde,21,Regular,2.00,"Vidrio, Metal, Tetra",Bajo,1.00,Sí,Regular,,,,,,,,,,,,,,,,,,,,,,,,,,,,,
15/04/2020 10:21:26 a.m.,PV20,Punto Verde,20,Regular,2.00,Plástico,Medio,2.00,Sí,Regular,,,,,,,,,,,,,,,,,,,,,,,,,,,,,
15/04/2020 10:21:26 a.m.,PV20,Punto Verde,20,Regular,2.00,Papel,Medio,2.00,Sí,Regular,,,,,,,,,,,,,,,,,,,,,,,,,,,,,
15/04/2020 10:21:26 a.m.,PV20,Punto Verde,20,Regular,2.00,"Vidrio, Metal, Tetra",Bajo,1.00,Sí,Regular,,,,,,,,,,,,,,,,,,,,,,,,,,,,,
15/04/2020 10:22:15 a.m.,PV23,Punto Verde,23,Buena,1.00,Papel,Medio,2.00,Sí,Buena,,,,,,,,,,,,,,,,,,,,,,,,,,,,,
15/04/2020 10:22:15 a.m.,PV23,Punto Verde,23,Buena,1.00,"Vidrio, Metal, Tetra",Medio,2.00,Sí,Buena,,,,,,,,,,,,,,,,,,,,,,,,,,,,,
15/04/2020 10:22:15 a.m.,PV23,Punto Verde,23,Buena,1.00,Plástico,Medio,2.00,Sí,Buena,,,,,,,,,,,,,,,,,,,,,,,,,,,,,
15/04/2020 10:24:39 a.m.,PV11,Punto Verde,11,Regular,2.00,Plástico,Medio,2.00,Sí,Regular,,,,,,,,,,,,,,,,,,,,,,,,,,,,,
15/04/2020 10:24:39 a.m.,PV11,Punto Verde,11,Regular,2.00,Papel,Medio,2.00,Sí,Regular,,,,,,,,,,,,,,,,,,,,,,,,,,,,,
15/04/2020 10:24:39 a.m.,PV11,Punto Verde,11,Regular,2.00,"Vidrio, Metal, Tetra",Medio,2.00,Sí,Regular,,,,,,,,,,,,,,,,,,,,,,,,,,,,,
15/04/2020 10:24:57 a.m.,PV7,Punto Verde,7,Regular,2.00,Plástico,Medio,2.00,Sí,Regular,,,,,,,,,,,,,,,,,,,,,,,,,,,,,
15/04/2020 10:24:57 a.m.,PV7,Punto Verde,7,Regular,2.00,Papel,Medio,2.00,Sí,Regular,,,,,,,,,,,,,,,,,,,,,,,,,,,,,
15/04/2020 10:24:57 a.m.,PV7,Punto Verde,7,Regular,2.00,"Vidrio, Metal, Tetra",Medio,2.00,Sí,Regular,,,,,,,,,,,,,,,,,,,,,,,,,,,,,
15/04/2020 10:25:12 a.m.,PV3,Punto Verde,3,Regular,2.00,Plástico,Medio,2.00,Sí,Regular,,,,,,,,,,,,,,,,,,,,,,,,,,,,,
15/04/2020 10:25:12 a.m.,PV3,Punto Verde,3,Regular,2.00,Papel,Medio,2.00,Sí,Regular,,,,,,,,,,,,,,,,,,,,,,,,,,,,,
15/04/2020 10:25:12 a.m.,PV3,Punto Verde,3,Regular,2.00,"Vidrio, Metal, Tetra",Bajo,1.00,Sí,Regular,,,,,,,,,,,,,,,,,,,,,,,,,,,,,
15/04/2020 10:25:52 a.m.,PV1,Punto Verde,1,Regular,2.00,Plástico,Medio,2.00,Sí,Regular,,,,,,,,,,,,,,,,,,,,,,,,,,,,,
15/04/2020 10:25:52 a.m.,PV1,Punto Verde,1,Regular,2.00,Papel,Medio,2.00,Sí,Regular,,,,,,,,,,,,,,,,,,,,,,,,,,,,,
15/04/2020 10:25:52 a.m.,PV1,Punto Verde,1,Regular,2.00,"Vidrio, Metal, Tetra",Medio,2.00,Sí,Regular,,,,,,,,,,,,,,,,,,,,,,,,,,,,,
17/03/2020 05:25:59 p.m.,PV34,Punto Verde,34,Buena,1.00,Papel,Alto,3.00,Sí,Buena,,,,,,,,,,,,,,,,,,,,,,,,,,,,,
17/03/2020 05:25:59 p.m.,PV34,Punto Verde,34,Buena,1.00,Plástico,Alto,3.00,Sí,Buena,,,,,,,,,,,,,,,,,,,,,,,,,,,,,
17/03/2020 05:25:59 p.m.,PV34,Punto Verde,34,Buena,1.00,"Vidrio, Metal, Tetra",Medio,2.00,Sí,Buena,,,,,,,,,,,,,,,,,,,,,,,,,,,,,
17/03/2020 05:26:42 p.m.,PV35,Punto Verde,35,Buena,1.00,Papel,Medio,2.00,Sí,Buena,,,,,,,,,,,,,,,,,,,,,,,,,,,,,
17/03/2020 05:26:42 p.m.,PV35,Punto Verde,35,Buena,1.00,"Vidrio, Metal, Tetra",Medio,2.00,Sí,Buena,,,,,,,,,,,,,,,,,,,,,,,,,,,,,
17/03/2020 05:26:42 p.m.,PV35,Punto Verde,35,Buena,1.00,Plástico,Medio,2.00,Sí,Buena,,,,,,,,,,,,,,,,,,,,,,,,,,,,,
17/03/2020 05:27:51 p.m.,PV36,Punto Verde,36,Buena,1.00,Plástico,Alto,3.00,Sí,Buena,,,,,,,,,,,,,,,,,,,,,,,,,,,,,
17/03/2020 05:27:51 p.m.,PV36,Punto Verde,36,Buena,1.00,Papel,Medio,2.00,Sí,Buena,,,,,,,,,,,,,,,,,,,,,,,,,,,,,
17/03/2020 05:27:51 p.m.,PV36,Punto Verde,36,Buena,1.00,"Vidrio, Metal, Tetra",Medio,2.00,Sí,Buena,,,,,,,,,,,,,,,,,,,,,,,,,,,,,
17/03/2020 05:29:30 p.m.,PV31,Punto Verde,31,Regular,2.00,Plástico,Medio,2.00,Sí,Regular,,,,,,,,,,,,,,,,,,,,,,,,,,,,,
17/03/2020 05:29:30 p.m.,PV31,Punto Verde,31,Regular,2.00,Papel,Medio,2.00,Sí,Regular,,,,,,,,,,,,,,,,,,,,,,,,,,,,,
17/03/2020 05:29:30 p.m.,PV31,Punto Verde,31,Regular,2.00,"Vidrio, Metal, Tetra",Bajo,1.00,Sí,Regular,,,,,,,,,,,,,,,,,,,,,,,,,,,,,
17/03/2020 05:33:16 p.m.,PV21,Punto Verde,21,Buena,1.00,Papel,Medio,2.00,Sí,Buena,,,,,,,,,,,,,,,,,,,,,,,,,,,,,
17/03/2020 05:33:16 p.m.,PV21,Punto Verde,21,Buena,1.00,"Vidrio, Metal, Tetra",Medio,2.00,Sí,Buena,,,,,,,,,,,,,,,,,,,,,,,,,,,,,
17/03/2020 05:33:16 p.m.,PV21,Punto Verde,21,Buena,1.00,Plástico,Medio,2.00,Sí,Buena,,,,,,,,,,,,,,,,,,,,,,,,,,,,,
17/03/2020 05:33:53 p.m.,PV20,Punto Verde,20,Buena,1.00,"Vidrio, Metal, Tetra",Bajo,1.00,Sí,Buena,,,,,,,,,,,,,,,,,,,,,,,,,,,,,
17/03/2020 05:33:53 p.m.,PV20,Punto Verde,20,Buena,1.00,Papel,Medio,2.00,Sí,Buena,,,,,,,,,,,,,,,,,,,,,,,,,,,,,
17/03/2020 05:33:53 p.m.,PV20,Punto Verde,20,Buena,1.00,Plástico,Medio,2.00,Sí,Buena,,,,,,,,,,,,,,,,,,,,,,,,,,,,,
17/03/2020 05:54:31 p.m.,PV23,Punto Verde,23,Buena,1.00,Papel,Alto,3.00,Sí,Buena,,,,,,,,,,,,,,,,,,,,,,,,,,,,,
17/03/2020 05:54:31 p.m.,PV23,Punto Verde,23,Buena,1.00,"Vidrio, Metal, Tetra",Alto,3.00,Sí,Buena,,,,,,,,,,,,,,,,,,,,,,,,,,,,,
17/03/2020 05:54:31 p.m.,PV23,Punto Verde,23,Buena,1.00,Plástico,Alto,3.00,Sí,Buena,,,,,,,,,,,,,,,,,,,,,,,,,,,,,
17/03/2020 05:58:53 p.m.,PV11,Punto Verde,11,Buena,1.00,Papel,Alto,3.00,Sí,Buena,,,,,,,,,,,,,,,,,,,,,,,,,,,,,
17/03/2020 05:58:53 p.m.,PV11,Punto Verde,11,Buena,1.00,"Vidrio, Metal, Tetra",Alto,3.00,Sí,Buena,,,,,,,,,,,,,,,,,,,,,,,,,,,,,
17/03/2020 05:58:53 p.m.,PV11,Punto Verde,11,Buena,1.00,Plástico,Alto,3.00,Sí,Buena,,,,,,,,,,,,,,,,,,,,,,,,,,,,,
17/03/2020 06:00:20 p.m.,PV7,Punto Verde,7,Buena,1.00,Papel,Alto,3.00,Sí,Buena,,,,,,,,,,,,,,,,,,,,,,,,,,,,,
17/03/2020 06:00:20 p.m.,PV7,Punto Verde,7,Buena,1.00,Plástico,Alto,3.00,Sí,Buena,,,,,,,,,,,,,,,,,,,,,,,,,,,,,
17/03/2020 06:00:20 p.m.,PV7,Punto Verde,7,Buena,1.00,"Vidrio, Metal, Tetra",Medio,2.00,Sí,Buena,,,,,,,,,,,,,,,,,,,,,,,,,,,,,
17/03/2020 06:01:05 p.m.,PV3,Punto Verde,3,Buena,1.00,Papel,Medio,2.00,Sí,Buena,,,,,,,,,,,,,,,,,,,,,,,,,,,,,
17/03/2020 06:01:05 p.m.,PV3,Punto Verde,3,Buena,1.00,"Vidrio, Metal, Tetra",Medio,2.00,Sí,Buena,,,,,,,,,,,,,,,,,,,,,,,,,,,,,
17/03/2020 06:01:05 p.m.,PV3,Punto Verde,3,Buena,1.00,Plástico,Medio,2.00,Sí,Buena,,,,,,,,,,,,,,,,,,,,,,,,,,,,,
17/03/2020 06:02:59 p.m.,PV1,Punto Verde,1,Buena,1.00,Papel,Alto,3.00,Sí,Buena,,,,,,,,,,,,,,,,,,,,,,,,,,,,,
17/03/2020 06:02:59 p.m.,PV1,Punto Verde,1,Buena,1.00,"Vidrio, Metal, Tetra",Alto,3.00,Sí,Buena,,,,,,,,,,,,,,,,,,,,,,,,,,,,,
17/03/2020 06:02:59 p.m.,PV1,Punto Verde,1,Buena,1.00,Plástico,Alto,3.00,Sí,Buena,,,,,,,,,,,,,,,,,,,,,,,,,,,,,
17/03/2020 10:12:22 a.m.,PV8,Punto Verde,8,Buena,1.00,"Vidrio, Metal, Tetra",Bajo,1.00,Sí,Buena,,,,,,,,,,,,,,,,,,,,,,,,,,,,,
17/03/2020 10:12:22 a.m.,PV8,Punto Verde,8,Buena,1.00,Plástico,Alto,3.00,Sí,Buena,,,,,,,,,,,,,,,,,,,,,,,,,,,,,
17/03/2020 10:12:22 a.m.,PV8,Punto Verde,8,Buena,1.00,Papel,Medio,2.00,Sí,Buena,,,,,,,,,,,,,,,,,,,,,,,,,,,,,
17/03/2020 10:15:10 a.m.,PV18,Punto Verde,18,Buena,1.00,"Vidrio, Metal, Tetra",Bajo,1.00,Sí,Buena,,,,,,,,,,,,,,,,,,,,,,,,,,,,,
17/03/2020 10:15:10 a.m.,PV18,Punto Verde,18,Buena,1.00,Plástico,Alto,3.00,Sí,Buena,,,,,,,,,,,,,,,,,,,,,,,,,,,,,
17/03/2020 10:15:10 a.m.,PV18,Punto Verde,18,Buena,1.00,Papel,Medio,2.00,Sí,Buena,,,,,,,,,,,,,,,,,,,,,,,,,,,,,
17/03/2020 10:17:23 a.m.,PV19,Punto Verde,19,Buena,1.00,Papel,Medio,2.00,Sí,Buena,,,,,,,,,,,,,,,,,,,,,,,,,,,,,
17/03/2020 10:17:23 a.m.,PV19,Punto Verde,19,Buena,1.00,"Vidrio, Metal, Tetra",Medio,2.00,Sí,Buena,,,,,,,,,,,,,,,,,,,,,,,,,,,,,
17/03/2020 10:17:23 a.m.,PV19,Punto Verde,19,Buena,1.00,Plástico,Medio,2.00,Sí,Buena,,,,,,,,,,,,,,,,,,,,,,,,,,,,,
17/03/2020 10:20:10 a.m.,PV27,Punto Verde,27,Buena,1.00,Papel,Medio,2.00,Sí,Buena,,,,,,,,,,,,,,,,,,,,,,,,,,,,,
17/03/2020 10:20:10 a.m.,PV27,Punto Verde,27,Buena,1.00,"Vidrio, Metal, Tetra",Medio,2.00,Sí,Buena,,,,,,,,,,,,,,,,,,,,,,,,,,,,,
17/03/2020 10:20:10 a.m.,PV27,Punto Verde,27,Buena,1.00,Plástico,Medio,2.00,Sí,Buena,,,,,,,,,,,,,,,,,,,,,,,,,,,,,
17/03/2020 10:21:04 a.m.,PV28,Punto Verde,28,Buena,1.00,"Vidrio, Metal, Tetra",Bajo,1.00,Sí,Buena,,,,,,,,,,,,,,,,,,,,,,,,,,,,,
17/03/2020 10:21:04 a.m.,PV28,Punto Verde,28,Buena,1.00,Papel,Medio,2.00,Sí,Buena,,,,,,,,,,,,,,,,,,,,,,,,,,,,,
17/03/2020 10:21:04 a.m.,PV28,Punto Verde,28,Buena,1.00,Plástico,Medio,2.00,Sí,Buena,,,,,,,,,,,,,,,,,,,,,,,,,,,,,
17/03/2020 10:21:55 a.m.,PV25,Punto Verde,25,Buena,1.00,"Vidrio, Metal, Tetra",Bajo,1.00,Sí,Buena,,,,,,,,,,,,,,,,,,,,,,,,,,,,,
17/03/2020 10:21:55 a.m.,PV25,Punto Verde,25,Buena,1.00,Papel,Medio,2.00,Sí,Buena,,,,,,,,,,,,,,,,,,,,,,,,,,,,,
17/03/2020 10:21:55 a.m.,PV25,Punto Verde,25,Buena,1.00,Plástico,Medio,2.00,Sí,Buena,,,,,,,,,,,,,,,,,,,,,,,,,,,,,
17/03/2020 10:22:31 a.m.,PV24,Punto Verde,24,Buena,1.00,"Vidrio, Metal, Tetra",Bajo,1.00,Sí,Buena,,,,,,,,,,,,,,,,,,,,,,,,,,,,,
17/03/2020 10:22:31 a.m.,PV24,Punto Verde,24,Buena,1.00,Papel,Medio,2.00,Sí,Buena,,,,,,,,,,,,,,,,,,,,,,,,,,,,,
17/03/2020 10:22:31 a.m.,PV24,Punto Verde,24,Buena,1.00,Plástico,Medio,2.00,Sí,Buena,,,,,,,,,,,,,,,,,,,,,,,,,,,,,
17/03/2020 10:22:54 a.m.,PV29,Punto Verde,29,Buena,1.00,Papel,Medio,2.00,Sí,Buena,,,,,,,,,,,,,,,,,,,,,,,,,,,,,
17/03/2020 10:22:54 a.m.,PV29,Punto Verde,29,Buena,1.00,"Vidrio, Metal, Tetra",Medio,2.00,Sí,Buena,,,,,,,,,,,,,,,,,,,,,,,,,,,,,
17/03/2020 10:22:54 a.m.,PV29,Punto Verde,29,Buena,1.00,Plástico,Medio,2.00,Sí,Buena,,,,,,,,,,,,,,,,,,,,,,,,,,,,,
17/03/2020 10:26:53 a.m.,PV32,Punto Verde,32,Buena,1.00,Papel,Medio,2.00,Sí,Buena,,,,,,,,,,,,,,,,,,,,,,,,,,,,,
17/03/2020 10:26:53 a.m.,PV32,Punto Verde,32,Buena,1.00,"Vidrio, Metal, Tetra",Medio,2.00,Sí,Buena,,,,,,,,,,,,,,,,,,,,,,,,,,,,,
17/03/2020 10:26:53 a.m.,PV32,Punto Verde,32,Buena,1.00,Plástico,Medio,2.00,Sí,Buena,,,,,,,,,,,,,,,,,,,,,,,,,,,,,
17/03/2020 10:28:02 a.m.,PV33,Punto Verde,33,Buena,1.00,Papel,Medio,2.00,Sí,Buena,,,,,,,,,,,,,,,,,,,,,,,,,,,,,
17/03/2020 10:28:02 a.m.,PV33,Punto Verde,33,Buena,1.00,"Vidrio, Metal, Tetra",Medio,2.00,Sí,Buena,,,,,,,,,,,,,,,,,,,,,,,,,,,,,
17/03/2020 10:28:02 a.m.,PV33,Punto Verde,33,Buena,1.00,Plástico,Medio,2.00,Sí,Buena,,,,,,,,,,,,,,,,,,,,,,,,,,,,,
17/03/2020 10:31:30 a.m.,PV4,Punto Verde,4,Buena,1.00,Plástico,Alto,3.00,Sí,Buena,,,,,,,,,,,,,,,,,,,,,,,,,,,,,
17/03/2020 10:31:30 a.m.,PV4,Punto Verde,4,Buena,1.00,Papel,Medio,2.00,Sí,Buena,,,,,,,,,,,,,,,,,,,,,,,,,,,,,
17/03/2020 10:31:30 a.m.,PV4,Punto Verde,4,Buena,1.00,"Vidrio, Metal, Tetra",Medio,2.00,Sí,Buena,,,,,,,,,,,,,,,,,,,,,,,,,,,,,
17/03/2020 10:33:28 a.m.,PV9,Punto Verde,9,Buena,1.00,"Vidrio, Metal, Tetra",Bajo,1.00,Sí,Buena,,,,,,,,,,,,,,,,,,,,,,,,,,,,,
17/03/2020 10:33:28 a.m.,PV9,Punto Verde,9,Buena,1.00,Papel,Medio,2.00,Sí,Buena,,,,,,,,,,,,,,,,,,,,,,,,,,,,,
17/03/2020 10:33:28 a.m.,PV9,Punto Verde,9,Buena,1.00,Plástico,Medio,2.00,Sí,Buena,,,,,,,,,,,,,,,,,,,,,,,,,,,,,
17/03/2020 10:36:30 a.m.,PV14,Punto Verde,14,Buena,1.00,"Vidrio, Metal, Tetra",Bajo,1.00,Sí,Buena,,,,,,,,,,,,,,,,,,,,,,,,,,,,,
17/03/2020 10:36:30 a.m.,PV14,Punto Verde,14,Buena,1.00,Papel,Medio,2.00,Sí,Buena,,,,,,,,,,,,,,,,,,,,,,,,,,,,,
17/03/2020 10:36:30 a.m.,PV14,Punto Verde,14,Buena,1.00,Plástico,Medio,2.00,Sí,Buena,,,,,,,,,,,,,,,,,,,,,,,,,,,,,
17/03/2020 10:39:13 a.m.,PV8,Punto Verde,8,Buena,1.00,Papel,Alto,3.00,Sí,Buena,,,,,,,,,,,,,,,,,,,,,,,,,,,,,
17/03/2020 10:39:13 a.m.,PV8,Punto Verde,8,Buena,1.00,Plástico,Alto,3.00,Sí,Buena,,,,,,,,,,,,,,,,,,,,,,,,,,,,,
17/03/2020 10:39:13 a.m.,PV8,Punto Verde,8,Buena,1.00,"Vidrio, Metal, Tetra",Medio,2.00,Sí,Buena,,,,,,,,,,,,,,,,,,,,,,,,,,,,,
17/03/2020 10:41:10 a.m.,PV4,Punto Verde,4,Buena,1.00,"Vidrio, Metal, Tetra",Nulo,,Sí,Buena,,,,,,,,,,,,,,,,,,,,,,,,,,,,,
17/03/2020 10:41:10 a.m.,PV4,Punto Verde,4,Buena,1.00,Plástico,Bajo,1.00,Sí,Buena,,,,,,,,,,,,,,,,,,,,,,,,,,,,,
17/03/2020 10:41:10 a.m.,PV4,Punto Verde,4,Buena,1.00,Papel,Medio,2.00,Sí,Buena,,,,,,,,,,,,,,,,,,,,,,,,,,,,,
17/06/2020 03:12:26 p.m.,PV12,Punto Verde,12,Buena,1.00,"Vidrio, Metal, Tetra",Bajo,1.00,Sí,Buena,,,,,,,,,,,,,,,,,,,,,,,,,,,,,
17/06/2020 03:12:26 p.m.,PV12,Punto Verde,12,Buena,1.00,Papel,Medio,2.00,Sí,Buena,,,,,,,,,,,,,,,,,,,,,,,,,,,,,
17/06/2020 03:12:26 p.m.,PV12,Punto Verde,12,Buena,1.00,Plástico,Medio,2.00,Sí,Buena,,,,,,,,,,,,,,,,,,,,,,,,,,,,,
17/06/2020 03:17:33 p.m.,PV18,Punto Verde,18,Regular,2.00,Plástico,Medio,2.00,Sí,Regular,,,,,,,,,,,,,,,,,,,,,,,,,,,,,
17/06/2020 03:17:33 p.m.,PV18,Punto Verde,18,Regular,2.00,Papel,Bajo,1.00,Sí,Regular,,,,,,,,,,,,,,,,,,,,,,,,,,,,,
17/06/2020 03:17:33 p.m.,PV18,Punto Verde,18,Regular,2.00,"Vidrio, Metal, Tetra",Bajo,1.00,Sí,Regular,,,,,,,,,,,,,,,,,,,,,,,,,,,,,
17/06/2020 03:18:16 p.m.,PV25,Punto Verde,25,Regular,2.00,Plástico,Medio,2.00,Sí,Regular,,,,,,,,,,,,,,,,,,,,,,,,,,,,,
17/06/2020 03:18:16 p.m.,PV25,Punto Verde,25,Regular,2.00,"Vidrio, Metal, Tetra",Medio,2.00,Sí,Regular,,,,,,,,,,,,,,,,,,,,,,,,,,,,,
17/06/2020 03:18:16 p.m.,PV25,Punto Verde,25,Regular,2.00,Papel,Bajo,1.00,Sí,Regular,,,,,,,,,,,,,,,,,,,,,,,,,,,,,
17/06/2020 03:18:51 p.m.,PV28,Punto Verde,28,Regular,2.00,Plástico,Medio,2.00,Sí,Regular,,,,,,,,,,,,,,,,,,,,,,,,,,,,,
17/06/2020 03:18:51 p.m.,PV28,Punto Verde,28,Regular,2.00,Papel,Bajo,1.00,Sí,Regular,,,,,,,,,,,,,,,,,,,,,,,,,,,,,
17/06/2020 03:18:51 p.m.,PV28,Punto Verde,28,Regular,2.00,"Vidrio, Metal, Tetra",Bajo,1.00,Sí,Regular,,,,,,,,,,,,,,,,,,,,,,,,,,,,,
17/06/2020 03:19:29 p.m.,PV27,Punto Verde,27,Regular,2.00,Plástico,Medio,2.00,Sí,Regular,,,,,,,,,,,,,,,,,,,,,,,,,,,,,
17/06/2020 03:19:29 p.m.,PV27,Punto Verde,27,Regular,2.00,"Vidrio, Metal, Tetra",Medio,2.00,Sí,Regular,,,,,,,,,,,,,,,,,,,,,,,,,,,,,
17/06/2020 03:19:29 p.m.,PV27,Punto Verde,27,Regular,2.00,Papel,Bajo,1.00,Sí,Regular,,,,,,,,,,,,,,,,,,,,,,,,,,,,,
17/06/2020 03:20:43 p.m.,PV29,Punto Verde,29,Regular,2.00,Plástico,Medio,2.00,Sí,Regular,,,,,,,,,,,,,,,,,,,,,,,,,,,,,
17/06/2020 03:20:43 p.m.,PV29,Punto Verde,29,Regular,2.00,"Vidrio, Metal, Tetra",Medio,2.00,Sí,Regular,,,,,,,,,,,,,,,,,,,,,,,,,,,,,
17/06/2020 03:20:43 p.m.,PV29,Punto Verde,29,Regular,2.00,Papel,Bajo,1.00,Sí,Regular,,,,,,,,,,,,,,,,,,,,,,,,,,,,,
17/06/2020 03:21:35 p.m.,PV24,Punto Verde,24,Regular,2.00,"Vidrio, Metal, Tetra",Medio,2.00,No,Regular,,,,,,,,,,,,,,,,,,,,,,,,,,,,,
17/06/2020 03:21:35 p.m.,PV24,Punto Verde,24,Regular,2.00,Plástico,Medio,2.00,No,Regular,,,,,,,,,,,,,,,,,,,,,,,,,,,,,
17/06/2020 03:21:35 p.m.,PV24,Punto Verde,24,Regular,2.00,Papel,Bajo,1.00,No,Regular,,,,,,,,,,,,,,,,,,,,,,,,,,,,,
17/06/2020 03:22:09 p.m.,PV24,Punto Verde,24,Mala,3.00,Papel,Medio,2.00,Sí,Mala,,,,,,,,,,,,,,,,,,,,,,,,,,,,,
17/06/2020 03:22:09 p.m.,PV24,Punto Verde,24,Mala,3.00,"Vidrio, Metal, Tetra",Bajo,1.00,Sí,Mala,,,,,,,,,,,,,,,,,,,,,,,,,,,,,
17/06/2020 03:22:09 p.m.,PV24,Punto Verde,24,Mala,3.00,Plástico,Bajo,1.00,Sí,Mala,,,,,,,,,,,,,,,,,,,,,,,,,,,,,
17/06/2020 03:39:03 p.m.,PV32,Punto Verde,32,Regular,2.00,Plástico,Medio,2.00,Sí,Regular,,,,,,,,,,,,,,,,,,,,,,,,,,,,,
17/06/2020 03:39:03 p.m.,PV32,Punto Verde,32,Regular,2.00,"Vidrio, Metal, Tetra",Medio,2.00,Sí,Regular,,,,,,,,,,,,,,,,,,,,,,,,,,,,,
17/06/2020 03:39:03 p.m.,PV32,Punto Verde,32,Regular,2.00,Papel,Bajo,1.00,Sí,Regular,,,,,,,,,,,,,,,,,,,,,,,,,,,,,
17/06/2020 03:39:29 p.m.,PV33,Punto Verde,33,Regular,2.00,Plástico,Medio,2.00,Sí,Regular,,,,,,,,,,,,,,,,,,,,,,,,,,,,,
17/06/2020 03:39:29 p.m.,PV33,Punto Verde,33,Regular,2.00,"Vidrio, Metal, Tetra",Medio,2.00,Sí,Regular,,,,,,,,,,,,,,,,,,,,,,,,,,,,,
17/06/2020 03:39:29 p.m.,PV33,Punto Verde,33,Regular,2.00,Papel,Bajo,1.00,Sí,Regular,,,,,,,,,,,,,,,,,,,,,,,,,,,,,
17/06/2020 03:42:07 p.m.,PV34,Punto Verde,34,Regular,2.00,Plástico,Medio,2.00,Sí,Regular,,,,,,,,,,,,,,,,,,,,,,,,,,,,,
17/06/2020 03:42:07 p.m.,PV34,Punto Verde,34,Regular,2.00,"Vidrio, Metal, Tetra",Medio,2.00,Sí,Regular,,,,,,,,,,,,,,,,,,,,,,,,,,,,,
17/06/2020 03:42:07 p.m.,PV34,Punto Verde,34,Regular,2.00,Papel,Bajo,1.00,Sí,Regular,,,,,,,,,,,,,,,,,,,,,,,,,,,,,
17/06/2020 03:42:41 p.m.,PV35,Punto Verde,35,Regular,2.00,Plástico,Medio,2.00,Sí,Regular,,,,,,,,,,,,,,,,,,,,,,,,,,,,,
17/06/2020 03:42:41 p.m.,PV35,Punto Verde,35,Regular,2.00,Papel,Medio,2.00,Sí,Regular,,,,,,,,,,,,,,,,,,,,,,,,,,,,,
17/06/2020 03:42:41 p.m.,PV35,Punto Verde,35,Regular,2.00,"Vidrio, Metal, Tetra",Medio,2.00,Sí,Regular,,,,,,,,,,,,,,,,,,,,,,,,,,,,,
17/06/2020 03:43:19 p.m.,PV36,Punto Verde,36,Regular,2.00,Papel,Medio,2.00,No,Regular,,,,,,,,,,,,,,,,,,,,,,,,,,,,,
17/06/2020 03:43:19 p.m.,PV36,Punto Verde,36,Regular,2.00,"Vidrio, Metal, Tetra",Medio,2.00,No,Regular,,,,,,,,,,,,,,,,,,,,,,,,,,,,,
17/06/2020 03:43:19 p.m.,PV36,Punto Verde,36,Regular,2.00,Plástico,Medio,2.00,No,Regular,,,,,,,,,,,,,,,,,,,,,,,,,,,,,
17/06/2020 03:44:30 p.m.,PV21,Punto Verde,21,Regular,2.00,Plástico,Medio,2.00,Sí,Regular,,,,,,,,,,,,,,,,,,,,,,,,,,,,,
17/06/2020 03:44:30 p.m.,PV21,Punto Verde,21,Regular,2.00,Papel,Medio,2.00,Sí,Regular,,,,,,,,,,,,,,,,,,,,,,,,,,,,,
17/06/2020 03:44:30 p.m.,PV21,Punto Verde,21,Regular,2.00,"Vidrio, Metal, Tetra",Medio,2.00,Sí,Regular,,,,,,,,,,,,,,,,,,,,,,,,,,,,,
17/06/2020 03:44:45 p.m.,PV20,Punto Verde,20,Regular,2.00,Plástico,Medio,2.00,Sí,Regular,,,,,,,,,,,,,,,,,,,,,,,,,,,,,
17/06/2020 03:44:45 p.m.,PV20,Punto Verde,20,Regular,2.00,"Vidrio, Metal, Tetra",Medio,2.00,Sí,Regular,,,,,,,,,,,,,,,,,,,,,,,,,,,,,
17/06/2020 03:44:45 p.m.,PV20,Punto Verde,20,Regular,2.00,Papel,Bajo,1.00,Sí,Regular,,,,,,,,,,,,,,,,,,,,,,,,,,,,,
17/06/2020 03:46:54 p.m.,PV23,Punto Verde,23,Buena,1.00,Papel,Alto,3.00,Sí,Buena,,,,,,,,,,,,,,,,,,,,,,,,,,,,,
17/06/2020 03:46:54 p.m.,PV23,Punto Verde,23,Buena,1.00,"Vidrio, Metal, Tetra",Alto,3.00,Sí,Buena,,,,,,,,,,,,,,,,,,,,,,,,,,,,,
17/06/2020 03:46:54 p.m.,PV23,Punto Verde,23,Buena,1.00,Plástico,Alto,3.00,Sí,Buena,,,,,,,,,,,,,,,,,,,,,,,,,,,,,
17/06/2020 03:48:36 p.m.,PV11,Punto Verde,11,Buena,1.00,Papel,Alto,3.00,Sí,Buena,,,,,,,,,,,,,,,,,,,,,,,,,,,,,
17/06/2020 03:48:36 p.m.,PV11,Punto Verde,11,Buena,1.00,"Vidrio, Metal, Tetra",Alto,3.00,Sí,Buena,,,,,,,,,,,,,,,,,,,,,,,,,,,,,
17/06/2020 03:48:36 p.m.,PV11,Punto Verde,11,Buena,1.00,Plástico,Alto,3.00,Sí,Buena,,,,,,,,,,,,,,,,,,,,,,,,,,,,,
17/06/2020 03:49:01 p.m.,PV7,Punto Verde,7,Buena,1.00,Papel,Alto,3.00,Sí,Buena,,,,,,,,,,,,,,,,,,,,,,,,,,,,,
17/06/2020 03:49:01 p.m.,PV7,Punto Verde,7,Buena,1.00,"Vidrio, Metal, Tetra",Alto,3.00,Sí,Buena,,,,,,,,,,,,,,,,,,,,,,,,,,,,,
17/06/2020 03:49:01 p.m.,PV7,Punto Verde,7,Buena,1.00,Plástico,Alto,3.00,Sí,Buena,,,,,,,,,,,,,,,,,,,,,,,,,,,,,
17/06/2020 03:49:38 p.m.,PV3,Punto Verde,3,Regular,2.00,Plástico,Medio,2.00,Sí,Regular,,,,,,,,,,,,,,,,,,,,,,,,,,,,,
17/06/2020 03:49:38 p.m.,PV3,Punto Verde,3,Regular,2.00,Papel,Medio,2.00,Sí,Regular,,,,,,,,,,,,,,,,,,,,,,,,,,,,,
17/06/2020 03:49:38 p.m.,PV3,Punto Verde,3,Regular,2.00,"Vidrio, Metal, Tetra",Medio,2.00,Sí,Regular,,,,,,,,,,,,,,,,,,,,,,,,,,,,,
17/06/2020 03:52:19 p.m.,PV1,Punto Verde,1,Regular,2.00,Plástico,Medio,2.00,Sí,Regular,,,,,,,,,,,,,,,,,,,,,,,,,,,,,
17/06/2020 03:52:19 p.m.,PV1,Punto Verde,1,Regular,2.00,"Vidrio, Metal, Tetra",Medio,2.00,Sí,Regular,,,,,,,,,,,,,,,,,,,,,,,,,,,,,
17/06/2020 03:52:19 p.m.,PV1,Punto Verde,1,Regular,2.00,Papel,Bajo,1.00,Sí,Regular,,,,,,,,,,,,,,,,,,,,,,,,,,,,,
20/03/2020 02:37:22 p.m.,PV8,Punto Verde,8,Regular,2.00,Plástico,Medio,2.00,Sí,Regular,,,,,,,,,,,,,,,,,,,,,,,,,,,,,
20/03/2020 02:37:22 p.m.,PV8,Punto Verde,8,Regular,2.00,Papel,Medio,2.00,Sí,Regular,,,,,,,,,,,,,,,,,,,,,,,,,,,,,
20/03/2020 02:37:22 p.m.,PV8,Punto Verde,8,Regular,2.00,"Vidrio, Metal, Tetra",Medio,2.00,Sí,Regular,,,,,,,,,,,,,,,,,,,,,,,,,,,,,
20/03/2020 02:51:46 p.m.,PV18,Punto Verde,18,Buena,1.00,"Vidrio, Metal, Tetra",Bajo,1.00,Sí,Buena,,,,,,,,,,,,,,,,,,,,,,,,,,,,,
20/03/2020 02:51:46 p.m.,PV18,Punto Verde,18,Buena,1.00,Papel,Medio,2.00,Sí,Buena,,,,,,,,,,,,,,,,,,,,,,,,,,,,,
20/03/2020 02:51:46 p.m.,PV18,Punto Verde,18,Buena,1.00,Plástico,Medio,2.00,Sí,Buena,,,,,,,,,,,,,,,,,,,,,,,,,,,,,
20/03/2020 02:52:42 p.m.,PV25,Punto Verde,25,Buena,1.00,Papel,Medio,2.00,Sí,Buena,,,,,,,,,,,,,,,,,,,,,,,,,,,,,
20/03/2020 02:52:42 p.m.,PV25,Punto Verde,25,Buena,1.00,"Vidrio, Metal, Tetra",Medio,2.00,Sí,Buena,,,,,,,,,,,,,,,,,,,,,,,,,,,,,
20/03/2020 02:52:42 p.m.,PV25,Punto Verde,25,Buena,1.00,Plástico,Medio,2.00,Sí,Buena,,,,,,,,,,,,,,,,,,,,,,,,,,,,,
20/03/2020 02:53:06 p.m.,PV28,Punto Verde,28,Buena,1.00,Papel,Medio,2.00,Sí,Buena,,,,,,,,,,,,,,,,,,,,,,,,,,,,,
20/03/2020 02:53:06 p.m.,PV28,Punto Verde,28,Buena,1.00,"Vidrio, Metal, Tetra",Medio,2.00,Sí,Buena,,,,,,,,,,,,,,,,,,,,,,,,,,,,,
20/03/2020 02:53:06 p.m.,PV28,Punto Verde,28,Buena,1.00,Plástico,Medio,2.00,Sí,Buena,,,,,,,,,,,,,,,,,,,,,,,,,,,,,
20/03/2020 02:53:33 p.m.,PV27,Punto Verde,27,Buena,1.00,"Vidrio, Metal, Tetra",Bajo,1.00,Sí,Buena,,,,,,,,,,,,,,,,,,,,,,,,,,,,,
20/03/2020 02:53:33 p.m.,PV27,Punto Verde,27,Buena,1.00,Papel,Medio,2.00,Sí,Buena,,,,,,,,,,,,,,,,,,,,,,,,,,,,,
20/03/2020 02:53:33 p.m.,PV27,Punto Verde,27,Buena,1.00,Plástico,Medio,2.00,Sí,Buena,,,,,,,,,,,,,,,,,,,,,,,,,,,,,
20/03/2020 02:54:23 p.m.,PV29,Punto Verde,29,Buena,1.00,Papel,Medio,2.00,Sí,Buena,,,,,,,,,,,,,,,,,,,,,,,,,,,,,
20/03/2020 02:54:23 p.m.,PV29,Punto Verde,29,Buena,1.00,"Vidrio, Metal, Tetra",Medio,2.00,Sí,Buena,,,,,,,,,,,,,,,,,,,,,,,,,,,,,
20/03/2020 02:54:23 p.m.,PV29,Punto Verde,29,Buena,1.00,Plástico,Medio,2.00,Sí,Buena,,,,,,,,,,,,,,,,,,,,,,,,,,,,,
20/03/2020 02:55:09 p.m.,PV24,Punto Verde,24,Buena,1.00,Papel,Medio,2.00,Sí,Buena,,,,,,,,,,,,,,,,,,,,,,,,,,,,,
20/03/2020 02:55:09 p.m.,PV24,Punto Verde,24,Buena,1.00,"Vidrio, Metal, Tetra",Medio,2.00,Sí,Buena,,,,,,,,,,,,,,,,,,,,,,,,,,,,,
20/03/2020 02:55:09 p.m.,PV24,Punto Verde,24,Buena,1.00,Plástico,Medio,2.00,Sí,Buena,,,,,,,,,,,,,,,,,,,,,,,,,,,,,
20/03/2020 02:59:00 p.m.,PV32,Punto Verde,32,Buena,1.00,Papel,Medio,2.00,Sí,Buena,,,,,,,,,,,,,,,,,,,,,,,,,,,,,
20/03/2020 02:59:00 p.m.,PV32,Punto Verde,32,Buena,1.00,"Vidrio, Metal, Tetra",Medio,2.00,Sí,Buena,,,,,,,,,,,,,,,,,,,,,,,,,,,,,
20/03/2020 02:59:00 p.m.,PV32,Punto Verde,32,Buena,1.00,Plástico,Medio,2.00,Sí,Buena,,,,,,,,,,,,,,,,,,,,,,,,,,,,,
20/03/2020 02:59:54 p.m.,PV34,Punto Verde,34,Buena,1.00,Papel,Medio,2.00,Sí,Buena,,,,,,,,,,,,,,,,,,,,,,,,,,,,,
20/03/2020 02:59:54 p.m.,PV34,Punto Verde,34,Buena,1.00,"Vidrio, Metal, Tetra",Medio,2.00,Sí,Buena,,,,,,,,,,,,,,,,,,,,,,,,,,,,,
20/03/2020 02:59:54 p.m.,PV34,Punto Verde,34,Buena,1.00,Plástico,Medio,2.00,Sí,Buena,,,,,,,,,,,,,,,,,,,,,,,,,,,,,
20/03/2020 03:29:33 p.m.,PV32,Punto Verde,32,Buena,1.00,Papel,Medio,2.00,Sí,Buena,,,,,,,,,,,,,,,,,,,,,,,,,,,,,
20/03/2020 03:29:33 p.m.,PV32,Punto Verde,32,Buena,1.00,"Vidrio, Metal, Tetra",Medio,2.00,Sí,Buena,,,,,,,,,,,,,,,,,,,,,,,,,,,,,
20/03/2020 03:29:33 p.m.,PV32,Punto Verde,32,Buena,1.00,Plástico,Medio,2.00,Sí,Buena,,,,,,,,,,,,,,,,,,,,,,,,,,,,,
20/03/2020 03:30:29 p.m.,PV33,Punto Verde,33,Buena,1.00,"Vidrio, Metal, Tetra",Bajo,1.00,Sí,Buena,,,,,,,,,,,,,,,,,,,,,,,,,,,,,
20/03/2020 03:30:29 p.m.,PV33,Punto Verde,33,Buena,1.00,Papel,Medio,2.00,Sí,Buena,,,,,,,,,,,,,,,,,,,,,,,,,,,,,
20/03/2020 03:30:29 p.m.,PV33,Punto Verde,33,Buena,1.00,Plástico,Medio,2.00,Sí,Buena,,,,,,,,,,,,,,,,,,,,,,,,,,,,,
20/03/2020 03:35:57 p.m.,PV34,Punto Verde,34,Buena,1.00,Papel,Medio,2.00,Sí,Buena,,,,,,,,,,,,,,,,,,,,,,,,,,,,,
20/03/2020 03:35:57 p.m.,PV34,Punto Verde,34,Buena,1.00,"Vidrio, Metal, Tetra",Medio,2.00,Sí,Buena,,,,,,,,,,,,,,,,,,,,,,,,,,,,,
20/03/2020 03:35:57 p.m.,PV34,Punto Verde,34,Buena,1.00,Plástico,Medio,2.00,Sí,Buena,,,,,,,,,,,,,,,,,,,,,,,,,,,,,
20/03/2020 03:37:18 p.m.,PV35,Punto Verde,35,Buena,1.00,Plástico,Alto,3.00,Sí,Buena,,,,,,,,,,,,,,,,,,,,,,,,,,,,,
20/03/2020 03:37:18 p.m.,PV35,Punto Verde,35,Buena,1.00,Papel,Medio,2.00,Sí,Buena,,,,,,,,,,,,,,,,,,,,,,,,,,,,,
20/03/2020 03:37:18 p.m.,PV35,Punto Verde,35,Buena,1.00,"Vidrio, Metal, Tetra",Medio,2.00,Sí,Buena,,,,,,,,,,,,,,,,,,,,,,,,,,,,,
20/03/2020 03:37:56 p.m.,PV36,Punto Verde,36,Buena,1.00,Papel,Medio,2.00,Sí,Buena,,,,,,,,,,,,,,,,,,,,,,,,,,,,,
20/03/2020 03:37:56 p.m.,PV36,Punto Verde,36,Buena,1.00,"Vidrio, Metal, Tetra",Medio,2.00,Sí,Buena,,,,,,,,,,,,,,,,,,,,,,,,,,,,,
20/03/2020 03:37:56 p.m.,PV36,Punto Verde,36,Buena,1.00,Plástico,Medio,2.00,Sí,Buena,,,,,,,,,,,,,,,,,,,,,,,,,,,,,
20/03/2020 10:09:09 a.m.,PV1,Punto Verde,1,Buena,1.00,Papel,Alto,3.00,Sí,Buena,,,,,,,,,,,,,,,,,,,,,,,,,,,,,
20/03/2020 10:09:09 a.m.,PV1,Punto Verde,1,Buena,1.00,"Vidrio, Metal, Tetra",Alto,3.00,Sí,Buena,,,,,,,,,,,,,,,,,,,,,,,,,,,,,
20/03/2020 10:09:09 a.m.,PV1,Punto Verde,1,Buena,1.00,Plástico,Alto,3.00,Sí,Buena,,,,,,,,,,,,,,,,,,,,,,,,,,,,,
20/03/2020 10:09:51 a.m.,PV11,Punto Verde,11,Buena,1.00,Papel,Medio,2.00,Sí,Buena,,,,,,,,,,,,,,,,,,,,,,,,,,,,,
20/03/2020 10:09:51 a.m.,PV11,Punto Verde,11,Buena,1.00,"Vidrio, Metal, Tetra",Medio,2.00,Sí,Buena,,,,,,,,,,,,,,,,,,,,,,,,,,,,,
20/03/2020 10:09:51 a.m.,PV11,Punto Verde,11,Buena,1.00,Plástico,Medio,2.00,Sí,Buena,,,,,,,,,,,,,,,,,,,,,,,,,,,,,
20/03/2020 10:10:20 a.m.,PV7,Punto Verde,7,Buena,1.00,"Vidrio, Metal, Tetra",Bajo,1.00,Sí,Buena,,,,,,,,,,,,,,,,,,,,,,,,,,,,,
20/03/2020 10:10:20 a.m.,PV7,Punto Verde,7,Buena,1.00,Papel,Medio,2.00,Sí,Buena,,,,,,,,,,,,,,,,,,,,,,,,,,,,,
20/03/2020 10:10:20 a.m.,PV7,Punto Verde,7,Buena,1.00,Plástico,Medio,2.00,Sí,Buena,,,,,,,,,,,,,,,,,,,,,,,,,,,,,
20/03/2020 10:10:58 a.m.,PV3,Punto Verde,3,Buena,1.00,Papel,Medio,2.00,Sí,Buena,,,,,,,,,,,,,,,,,,,,,,,,,,,,,
20/03/2020 10:10:58 a.m.,PV3,Punto Verde,3,Buena,1.00,"Vidrio, Metal, Tetra",Medio,2.00,Sí,Buena,,,,,,,,,,,,,,,,,,,,,,,,,,,,,
20/03/2020 10:10:58 a.m.,PV3,Punto Verde,3,Buena,1.00,Plástico,Medio,2.00,Sí,Buena,,,,,,,,,,,,,,,,,,,,,,,,,,,,,
20/03/2020 10:20:48 a.m.,PV4,Punto Verde,4,Buena,1.00,Papel,Medio,2.00,Sí,Buena,,,,,,,,,,,,,,,,,,,,,,,,,,,,,
20/03/2020 10:20:48 a.m.,PV4,Punto Verde,4,Buena,1.00,"Vidrio, Metal, Tetra",Medio,2.00,Sí,Buena,,,,,,,,,,,,,,,,,,,,,,,,,,,,,
20/03/2020 10:20:48 a.m.,PV4,Punto Verde,4,Buena,1.00,Plástico,Medio,2.00,Sí,Buena,,,,,,,,,,,,,,,,,,,,,,,,,,,,,
23/03/2020 01:00:45 p.m.,PV11,Punto Verde,11,Buena,1.00,Papel,Medio,2.00,Sí,Buena,,,,,,,,,,,,,,,,,,,,,,,,,,,,,
23/03/2020 01:00:45 p.m.,PV11,Punto Verde,11,Buena,1.00,"Vidrio, Metal, Tetra",Medio,2.00,Sí,Buena,,,,,,,,,,,,,,,,,,,,,,,,,,,,,
23/03/2020 01:00:45 p.m.,PV11,Punto Verde,11,Buena,1.00,Plástico,Medio,2.00,Sí,Buena,,,,,,,,,,,,,,,,,,,,,,,,,,,,,
23/03/2020 01:05:01 p.m.,PV7,Punto Verde,7,Buena,1.00,Papel,Medio,2.00,Sí,Buena,,,,,,,,,,,,,,,,,,,,,,,,,,,,,
23/03/2020 01:05:01 p.m.,PV7,Punto Verde,7,Buena,1.00,"Vidrio, Metal, Tetra",Medio,2.00,Sí,Buena,,,,,,,,,,,,,,,,,,,,,,,,,,,,,
23/03/2020 01:05:01 p.m.,PV7,Punto Verde,7,Buena,1.00,Plástico,Medio,2.00,Sí,Buena,,,,,,,,,,,,,,,,,,,,,,,,,,,,,
23/03/2020 01:05:43 p.m.,PV3,Punto Verde,3,Buena,1.00,Papel,Medio,2.00,Sí,Buena,,,,,,,,,,,,,,,,,,,,,,,,,,,,,
23/03/2020 01:05:43 p.m.,PV3,Punto Verde,3,Buena,1.00,"Vidrio, Metal, Tetra",Medio,2.00,Sí,Buena,,,,,,,,,,,,,,,,,,,,,,,,,,,,,
23/03/2020 01:05:43 p.m.,PV3,Punto Verde,3,Buena,1.00,Plástico,Medio,2.00,Sí,Buena,,,,,,,,,,,,,,,,,,,,,,,,,,,,,
23/03/2020 01:12:14 p.m.,PV8,Punto Verde,8,Buena,1.00,Papel,Medio,2.00,Sí,Buena,,,,,,,,,,,,,,,,,,,,,,,,,,,,,
23/03/2020 01:12:14 p.m.,PV8,Punto Verde,8,Buena,1.00,"Vidrio, Metal, Tetra",Medio,2.00,Sí,Buena,,,,,,,,,,,,,,,,,,,,,,,,,,,,,
23/03/2020 01:12:14 p.m.,PV8,Punto Verde,8,Buena,1.00,Plástico,Medio,2.00,Sí,Buena,,,,,,,,,,,,,,,,,,,,,,,,,,,,,
23/03/2020 01:15:35 p.m.,PV12,Punto Verde,12,Regular,2.00,Plástico,Medio,2.00,Sí,Regular,,,,,,,,,,,,,,,,,,,,,,,,,,,,,
23/03/2020 01:15:35 p.m.,PV12,Punto Verde,12,Regular,2.00,Papel,Medio,2.00,Sí,Regular,,,,,,,,,,,,,,,,,,,,,,,,,,,,,
23/03/2020 01:15:35 p.m.,PV12,Punto Verde,12,Regular,2.00,"Vidrio, Metal, Tetra",Bajo,1.00,Sí,Regular,,,,,,,,,,,,,,,,,,,,,,,,,,,,,
23/03/2020 01:16:22 p.m.,PV13,Punto Verde,13,Regular,2.00,Plástico,Medio,2.00,Sí,Regular,,,,,,,,,,,,,,,,,,,,,,,,,,,,,
23/03/2020 01:16:22 p.m.,PV13,Punto Verde,13,Regular,2.00,Papel,Medio,2.00,Sí,Regular,,,,,,,,,,,,,,,,,,,,,,,,,,,,,
23/03/2020 01:16:22 p.m.,PV13,Punto Verde,13,Regular,2.00,"Vidrio, Metal, Tetra",Medio,2.00,Sí,Regular,,,,,,,,,,,,,,,,,,,,,,,,,,,,,
23/03/2020 12:01:07 p.m.,PV18,Punto Verde,18,Regular,2.00,Papel,Medio,2.00,Sí,Regular,,,,,,,,,,,,,,,,,,,,,,,,,,,,,
23/03/2020 12:01:07 p.m.,PV18,Punto Verde,18,Regular,2.00,"Vidrio, Metal, Tetra",Bajo,1.00,Sí,Regular,,,,,,,,,,,,,,,,,,,,,,,,,,,,,
23/03/2020 12:01:07 p.m.,PV18,Punto Verde,18,Regular,2.00,Plástico,Bajo,1.00,Sí,Regular,,,,,,,,,,,,,,,,,,,,,,,,,,,,,
23/03/2020 12:03:49 p.m.,PV25,Punto Verde,25,Regular,2.00,Plástico,Medio,2.00,Sí,Regular,,,,,,,,,,,,,,,,,,,,,,,,,,,,,
23/03/2020 12:03:49 p.m.,PV25,Punto Verde,25,Regular,2.00,Papel,Bajo,1.00,Sí,Regular,,,,,,,,,,,,,,,,,,,,,,,,,,,,,
23/03/2020 12:03:49 p.m.,PV25,Punto Verde,25,Regular,2.00,"Vidrio, Metal, Tetra",Bajo,1.00,Sí,Regular,,,,,,,,,,,,,,,,,,,,,,,,,,,,,
23/03/2020 12:06:04 p.m.,PV28,Punto Verde,28,Regular,2.00,Plástico,Medio,2.00,Sí,Regular,,,,,,,,,,,,,,,,,,,,,,,,,,,,,
23/03/2020 12:06:04 p.m.,PV28,Punto Verde,28,Regular,2.00,Papel,Medio,2.00,Sí,Regular,,,,,,,,,,,,,,,,,,,,,,,,,,,,,
23/03/2020 12:06:04 p.m.,PV28,Punto Verde,28,Regular,2.00,"Vidrio, Metal, Tetra",Bajo,1.00,Sí,Regular,,,,,,,,,,,,,,,,,,,,,,,,,,,,,
23/03/2020 12:06:43 p.m.,PV27,Punto Verde,27,Regular,2.00,Papel,Bajo,1.00,Sí,Regular,,,,,,,,,,,,,,,,,,,,,,,,,,,,,
23/03/2020 12:06:43 p.m.,PV27,Punto Verde,27,Regular,2.00,"Vidrio, Metal, Tetra",Bajo,1.00,Sí,Regular,,,,,,,,,,,,,,,,,,,,,,,,,,,,,
23/03/2020 12:06:43 p.m.,PV27,Punto Verde,27,Regular,2.00,Plástico,Bajo,1.00,Sí,Regular,,,,,,,,,,,,,,,,,,,,,,,,,,,,,
23/03/2020 12:07:32 p.m.,PV29,Punto Verde,29,Regular,2.00,Plástico,Medio,2.00,Sí,Regular,,,,,,,,,,,,,,,,,,,,,,,,,,,,,
23/03/2020 12:07:32 p.m.,PV29,Punto Verde,29,Regular,2.00,Papel,Medio,2.00,Sí,Regular,,,,,,,,,,,,,,,,,,,,,,,,,,,,,
23/03/2020 12:07:32 p.m.,PV29,Punto Verde,29,Regular,2.00,"Vidrio, Metal, Tetra",Medio,2.00,Sí,Regular,,,,,,,,,,,,,,,,,,,,,,,,,,,,,
23/03/2020 12:08:22 p.m.,PV24,Punto Verde,24,Regular,2.00,Papel,Bajo,1.00,Sí,Regular,,,,,,,,,,,,,,,,,,,,,,,,,,,,,
23/03/2020 12:08:22 p.m.,PV24,Punto Verde,24,Regular,2.00,"Vidrio, Metal, Tetra",Bajo,1.00,Sí,Regular,,,,,,,,,,,,,,,,,,,,,,,,,,,,,
23/03/2020 12:08:22 p.m.,PV24,Punto Verde,24,Regular,2.00,Plástico,Bajo,1.00,Sí,Regular,,,,,,,,,,,,,,,,,,,,,,,,,,,,,
23/03/2020 12:32:00 p.m.,PV24,Punto Verde,24,Regular,2.00,Plástico,Medio,2.00,Sí,Regular,,,,,,,,,,,,,,,,,,,,,,,,,,,,,
23/03/2020 12:32:00 p.m.,PV24,Punto Verde,24,Regular,2.00,Papel,Bajo,1.00,Sí,Regular,,,,,,,,,,,,,,,,,,,,,,,,,,,,,
23/03/2020 12:32:00 p.m.,PV24,Punto Verde,24,Regular,2.00,"Vidrio, Metal, Tetra",Bajo,1.00,Sí,Regular,,,,,,,,,,,,,,,,,,,,,,,,,,,,,
23/03/2020 12:35:00 p.m.,PV32,Punto Verde,32,Regular,2.00,Plástico,Medio,2.00,Sí,Regular,,,,,,,,,,,,,,,,,,,,,,,,,,,,,
23/03/2020 12:35:00 p.m.,PV32,Punto Verde,32,Regular,2.00,Papel,Medio,2.00,Sí,Regular,,,,,,,,,,,,,,,,,,,,,,,,,,,,,
23/03/2020 12:35:00 p.m.,PV32,Punto Verde,32,Regular,2.00,"Vidrio, Metal, Tetra",Medio,2.00,Sí,Regular,,,,,,,,,,,,,,,,,,,,,,,,,,,,,
23/03/2020 12:39:17 p.m.,PV33,Punto Verde,33,Regular,2.00,Plástico,Medio,2.00,Sí,Regular,,,,,,,,,,,,,,,,,,,,,,,,,,,,,
23/03/2020 12:39:17 p.m.,PV33,Punto Verde,33,Regular,2.00,Papel,Medio,2.00,Sí,Regular,,,,,,,,,,,,,,,,,,,,,,,,,,,,,
23/03/2020 12:39:17 p.m.,PV33,Punto Verde,33,Regular,2.00,"Vidrio, Metal, Tetra",Bajo,1.00,Sí,Regular,,,,,,,,,,,,,,,,,,,,,,,,,,,,,
23/03/2020 12:44:27 p.m.,PV34,Punto Verde,34,Buena,1.00,Papel,Medio,2.00,Sí,Buena,,,,,,,,,,,,,,,,,,,,,,,,,,,,,
23/03/2020 12:44:27 p.m.,PV34,Punto Verde,34,Buena,1.00,"Vidrio, Metal, Tetra",Medio,2.00,Sí,Buena,,,,,,,,,,,,,,,,,,,,,,,,,,,,,
23/03/2020 12:44:27 p.m.,PV34,Punto Verde,34,Buena,1.00,Plástico,Medio,2.00,Sí,Buena,,,,,,,,,,,,,,,,,,,,,,,,,,,,,
23/03/2020 12:45:24 p.m.,PV35,Punto Verde,35,Buena,1.00,Papel,Medio,2.00,Sí,Buena,,,,,,,,,,,,,,,,,,,,,,,,,,,,,
23/03/2020 12:45:24 p.m.,PV35,Punto Verde,35,Buena,1.00,"Vidrio, Metal, Tetra",Medio,2.00,Sí,Buena,,,,,,,,,,,,,,,,,,,,,,,,,,,,,
23/03/2020 12:45:24 p.m.,PV35,Punto Verde,35,Buena,1.00,Plástico,Medio,2.00,Sí,Buena,,,,,,,,,,,,,,,,,,,,,,,,,,,,,
23/03/2020 12:46:43 p.m.,PV36,Punto Verde,36,Buena,1.00,Papel,Medio,2.00,Sí,Buena,,,,,,,,,,,,,,,,,,,,,,,,,,,,,
23/03/2020 12:46:43 p.m.,PV36,Punto Verde,36,Buena,1.00,"Vidrio, Metal, Tetra",Medio,2.00,Sí,Buena,,,,,,,,,,,,,,,,,,,,,,,,,,,,,
23/03/2020 12:46:43 p.m.,PV36,Punto Verde,36,Buena,1.00,Plástico,Medio,2.00,Sí,Buena,,,,,,,,,,,,,,,,,,,,,,,,,,,,,
23/03/2020 12:57:01 p.m.,PV21,Punto Verde,21,Buena,1.00,Papel,Medio,2.00,Sí,Buena,,,,,,,,,,,,,,,,,,,,,,,,,,,,,
23/03/2020 12:57:01 p.m.,PV21,Punto Verde,21,Buena,1.00,"Vidrio, Metal, Tetra",Medio,2.00,Sí,Buena,,,,,,,,,,,,,,,,,,,,,,,,,,,,,
23/03/2020 12:57:01 p.m.,PV21,Punto Verde,21,Buena,1.00,Plástico,Medio,2.00,Sí,Buena,,,,,,,,,,,,,,,,,,,,,,,,,,,,,
23/03/2020 12:57:22 p.m.,PV20,Punto Verde,20,Regular,2.00,Plástico,Medio,2.00,Sí,Regular,,,,,,,,,,,,,,,,,,,,,,,,,,,,,
23/03/2020 12:57:22 p.m.,PV20,Punto Verde,20,Regular,2.00,Papel,Medio,2.00,Sí,Regular,,,,,,,,,,,,,,,,,,,,,,,,,,,,,
23/03/2020 12:57:22 p.m.,PV20,Punto Verde,20,Regular,2.00,"Vidrio, Metal, Tetra",Bajo,1.00,Sí,Regular,,,,,,,,,,,,,,,,,,,,,,,,,,,,,
23/03/2020 12:58:03 p.m.,PV23,Punto Verde,23,Buena,1.00,Papel,Medio,2.00,Sí,Buena,,,,,,,,,,,,,,,,,,,,,,,,,,,,,
23/03/2020 12:58:03 p.m.,PV23,Punto Verde,23,Buena,1.00,"Vidrio, Metal, Tetra",Medio,2.00,Sí,Buena,,,,,,,,,,,,,,,,,,,,,,,,,,,,,
23/03/2020 12:58:03 p.m.,PV23,Punto Verde,23,Buena,1.00,Plástico,Medio,2.00,Sí,Buena,,,,,,,,,,,,,,,,,,,,,,,,,,,,,
24/06/2020 01:37:52 p.m.,PV34,Punto Verde,34,Regular,2.00,Plástico,Medio,2.00,Sí,Regular,,,,,,,,,,,,,,,,,,,,,,,,,,,,,
24/06/2020 01:37:52 p.m.,PV34,Punto Verde,34,Regular,2.00,"Vidrio, Metal, Tetra",Medio,2.00,Sí,Regular,,,,,,,,,,,,,,,,,,,,,,,,,,,,,
24/06/2020 01:37:52 p.m.,PV34,Punto Verde,34,Regular,2.00,Papel,Bajo,1.00,Sí,Regular,,,,,,,,,,,,,,,,,,,,,,,,,,,,,
24/06/2020 01:38:59 p.m.,PV35,Punto Verde,35,Regular,2.00,Plástico,Medio,2.00,Sí,Regular,,,,,,,,,,,,,,,,,,,,,,,,,,,,,
24/06/2020 01:38:59 p.m.,PV35,Punto Verde,35,Regular,2.00,"Vidrio, Metal, Tetra",Medio,2.00,Sí,Regular,,,,,,,,,,,,,,,,,,,,,,,,,,,,,
24/06/2020 01:38:59 p.m.,PV35,Punto Verde,35,Regular,2.00,Papel,Bajo,1.00,Sí,Regular,,,,,,,,,,,,,,,,,,,,,,,,,,,,,
24/06/2020 01:39:49 p.m.,PV36,Punto Verde,36,Regular,2.00,Plástico,Medio,2.00,Sí,Regular,,,,,,,,,,,,,,,,,,,,,,,,,,,,,
24/06/2020 01:39:49 p.m.,PV36,Punto Verde,36,Regular,2.00,"Vidrio, Metal, Tetra",Medio,2.00,Sí,Regular,,,,,,,,,,,,,,,,,,,,,,,,,,,,,
24/06/2020 01:39:49 p.m.,PV36,Punto Verde,36,Regular,2.00,Papel,Bajo,1.00,Sí,Regular,,,,,,,,,,,,,,,,,,,,,,,,,,,,,
24/06/2020 01:43:25 p.m.,PV20,Punto Verde,20,Regular,2.00,Plástico,Medio,2.00,Sí,Regular,,,,,,,,,,,,,,,,,,,,,,,,,,,,,
24/06/2020 01:43:25 p.m.,PV20,Punto Verde,20,Regular,2.00,"Vidrio, Metal, Tetra",Medio,2.00,Sí,Regular,,,,,,,,,,,,,,,,,,,,,,,,,,,,,
24/06/2020 01:43:25 p.m.,PV20,Punto Verde,20,Regular,2.00,Papel,Bajo,1.00,Sí,Regular,,,,,,,,,,,,,,,,,,,,,,,,,,,,,
24/06/2020 01:43:49 p.m.,PV21,Punto Verde,21,Regular,2.00,Plástico,Medio,2.00,Sí,Regular,,,,,,,,,,,,,,,,,,,,,,,,,,,,,
24/06/2020 01:43:49 p.m.,PV21,Punto Verde,21,Regular,2.00,"Vidrio, Metal, Tetra",Medio,2.00,Sí,Regular,,,,,,,,,,,,,,,,,,,,,,,,,,,,,
24/06/2020 01:43:49 p.m.,PV21,Punto Verde,21,Regular,2.00,Papel,Bajo,1.00,Sí,Regular,,,,,,,,,,,,,,,,,,,,,,,,,,,,,
24/06/2020 01:48:10 p.m.,PV23,Punto Verde,23,Regular,2.00,Plástico,Medio,2.00,Sí,Regular,,,,,,,,,,,,,,,,,,,,,,,,,,,,,
24/06/2020 01:48:10 p.m.,PV23,Punto Verde,23,Regular,2.00,"Vidrio, Metal, Tetra",Medio,2.00,Sí,Regular,,,,,,,,,,,,,,,,,,,,,,,,,,,,,
24/06/2020 01:48:10 p.m.,PV23,Punto Verde,23,Regular,2.00,Papel,Bajo,1.00,Sí,Regular,,,,,,,,,,,,,,,,,,,,,,,,,,,,,
24/06/2020 01:50:16 p.m.,PV11,Punto Verde,11,Regular,2.00,Plástico,Medio,2.00,Sí,Regular,,,,,,,,,,,,,,,,,,,,,,,,,,,,,
24/06/2020 01:50:16 p.m.,PV11,Punto Verde,11,Regular,2.00,"Vidrio, Metal, Tetra",Medio,2.00,Sí,Regular,,,,,,,,,,,,,,,,,,,,,,,,,,,,,
24/06/2020 01:50:16 p.m.,PV11,Punto Verde,11,Regular,2.00,Papel,Bajo,1.00,Sí,Regular,,,,,,,,,,,,,,,,,,,,,,,,,,,,,
24/06/2020 01:50:39 p.m.,PV7,Punto Verde,7,Buena,1.00,Papel,Bajo,1.00,Sí,Buena,,,,,,,,,,,,,,,,,,,,,,,,,,,,,
24/06/2020 01:50:39 p.m.,PV7,Punto Verde,7,Buena,1.00,"Vidrio, Metal, Tetra",Medio,2.00,Sí,Buena,,,,,,,,,,,,,,,,,,,,,,,,,,,,,
24/06/2020 01:50:39 p.m.,PV7,Punto Verde,7,Buena,1.00,Plástico,Medio,2.00,Sí,Buena,,,,,,,,,,,,,,,,,,,,,,,,,,,,,
24/06/2020 01:51:05 p.m.,PV3,Punto Verde,3,Regular,2.00,Plástico,Medio,2.00,Sí,Regular,,,,,,,,,,,,,,,,,,,,,,,,,,,,,
24/06/2020 01:51:05 p.m.,PV3,Punto Verde,3,Regular,2.00,"Vidrio, Metal, Tetra",Medio,2.00,Sí,Regular,,,,,,,,,,,,,,,,,,,,,,,,,,,,,
24/06/2020 01:51:05 p.m.,PV3,Punto Verde,3,Regular,2.00,Papel,Bajo,1.00,Sí,Regular,,,,,,,,,,,,,,,,,,,,,,,,,,,,,
24/06/2020 11:00:39 a.m.,PV1,Punto Verde,1,Regular,2.00,Plástico,Medio,2.00,Sí,Regular,,,,,,,,,,,,,,,,,,,,,,,,,,,,,
24/06/2020 11:00:39 a.m.,PV1,Punto Verde,1,Regular,2.00,"Vidrio, Metal, Tetra",Medio,2.00,Sí,Regular,,,,,,,,,,,,,,,,,,,,,,,,,,,,,
24/06/2020 11:00:39 a.m.,PV1,Punto Verde,1,Regular,2.00,Papel,Bajo,1.00,Sí,Regular,,,,,,,,,,,,,,,,,,,,,,,,,,,,,
24/06/2020 11:01:54 a.m.,PV18,Punto Verde,18,Regular,2.00,Plástico,Medio,2.00,Sí,Regular,,,,,,,,,,,,,,,,,,,,,,,,,,,,,
24/06/2020 11:01:54 a.m.,PV18,Punto Verde,18,Regular,2.00,"Vidrio, Metal, Tetra",Medio,2.00,Sí,Regular,,,,,,,,,,,,,,,,,,,,,,,,,,,,,
24/06/2020 11:01:54 a.m.,PV18,Punto Verde,18,Regular,2.00,Papel,Bajo,1.00,Sí,Regular,,,,,,,,,,,,,,,,,,,,,,,,,,,,,
24/06/2020 11:04:18 a.m.,PV25,Punto Verde,25,Regular,2.00,Plástico,Medio,2.00,Sí,Regular,,,,,,,,,,,,,,,,,,,,,,,,,,,,,
24/06/2020 11:04:18 a.m.,PV25,Punto Verde,25,Regular,2.00,"Vidrio, Metal, Tetra",Medio,2.00,Sí,Regular,,,,,,,,,,,,,,,,,,,,,,,,,,,,,
24/06/2020 11:04:18 a.m.,PV25,Punto Verde,25,Regular,2.00,Papel,Bajo,1.00,Sí,Regular,,,,,,,,,,,,,,,,,,,,,,,,,,,,,
24/06/2020 11:04:44 a.m.,PV28,Punto Verde,28,Regular,2.00,Plástico,Medio,2.00,Sí,Regular,,,,,,,,,,,,,,,,,,,,,,,,,,,,,
24/06/2020 11:04:44 a.m.,PV28,Punto Verde,28,Regular,2.00,"Vidrio, Metal, Tetra",Medio,2.00,Sí,Regular,,,,,,,,,,,,,,,,,,,,,,,,,,,,,
24/06/2020 11:04:44 a.m.,PV28,Punto Verde,28,Regular,2.00,Papel,Bajo,1.00,Sí,Regular,,,,,,,,,,,,,,,,,,,,,,,,,,,,,
24/06/2020 11:05:24 a.m.,PV29,Punto Verde,29,Regular,2.00,Plástico,Medio,2.00,Sí,Regular,,,,,,,,,,,,,,,,,,,,,,,,,,,,,
24/06/2020 11:05:24 a.m.,PV29,Punto Verde,29,Regular,2.00,"Vidrio, Metal, Tetra",Medio,2.00,Sí,Regular,,,,,,,,,,,,,,,,,,,,,,,,,,,,,
24/06/2020 11:05:24 a.m.,PV29,Punto Verde,29,Regular,2.00,Papel,Bajo,1.00,Sí,Regular,,,,,,,,,,,,,,,,,,,,,,,,,,,,,
24/06/2020 11:05:50 a.m.,PV24,Punto Verde,24,Regular,2.00,Plástico,Medio,2.00,Sí,Regular,,,,,,,,,,,,,,,,,,,,,,,,,,,,,
24/06/2020 11:05:50 a.m.,PV24,Punto Verde,24,Regular,2.00,"Vidrio, Metal, Tetra",Medio,2.00,Sí,Regular,,,,,,,,,,,,,,,,,,,,,,,,,,,,,
24/06/2020 11:05:50 a.m.,PV24,Punto Verde,24,Regular,2.00,Papel,Bajo,1.00,Sí,Regular,,,,,,,,,,,,,,,,,,,,,,,,,,,,,
24/06/2020 11:13:48 a.m.,PV32,Punto Verde,32,Regular,2.00,Plástico,Medio,2.00,Sí,Regular,,,,,,,,,,,,,,,,,,,,,,,,,,,,,
24/06/2020 11:13:48 a.m.,PV32,Punto Verde,32,Regular,2.00,"Vidrio, Metal, Tetra",Medio,2.00,Sí,Regular,,,,,,,,,,,,,,,,,,,,,,,,,,,,,
24/06/2020 11:13:48 a.m.,PV32,Punto Verde,32,Regular,2.00,Papel,Bajo,1.00,Sí,Regular,,,,,,,,,,,,,,,,,,,,,,,,,,,,,
27/05/2020 11:04:11 a.m.,PV18,Punto Verde,18,Regular,2.00,Plástico,Medio,2.00,Sí,Regular,,,,,,,,,,,,,,,,,,,,,,,,,,,,,
27/05/2020 11:04:11 a.m.,PV18,Punto Verde,18,Regular,2.00,Papel,Medio,2.00,Sí,Regular,,,,,,,,,,,,,,,,,,,,,,,,,,,,,
27/05/2020 11:04:11 a.m.,PV18,Punto Verde,18,Regular,2.00,"Vidrio, Metal, Tetra",Bajo,1.00,Sí,Regular,,,,,,,,,,,,,,,,,,,,,,,,,,,,,
27/05/2020 11:05:45 a.m.,PV25,Punto Verde,25,Regular,2.00,Plástico,Medio,2.00,Sí,Regular,,,,,,,,,,,,,,,,,,,,,,,,,,,,,
27/05/2020 11:05:45 a.m.,PV25,Punto Verde,25,Regular,2.00,Papel,Medio,2.00,Sí,Regular,,,,,,,,,,,,,,,,,,,,,,,,,,,,,
27/05/2020 11:05:45 a.m.,PV25,Punto Verde,25,Regular,2.00,"Vidrio, Metal, Tetra",Medio,2.00,Sí,Regular,,,,,,,,,,,,,,,,,,,,,,,,,,,,,
27/05/2020 11:06:19 a.m.,PV28,Punto Verde,28,Regular,2.00,Plástico,Medio,2.00,Sí,Regular,,,,,,,,,,,,,,,,,,,,,,,,,,,,,
27/05/2020 11:06:19 a.m.,PV28,Punto Verde,28,Regular,2.00,"Vidrio, Metal, Tetra",Medio,2.00,Sí,Regular,,,,,,,,,,,,,,,,,,,,,,,,,,,,,
27/05/2020 11:06:19 a.m.,PV28,Punto Verde,28,Regular,2.00,Papel,Bajo,1.00,Sí,Regular,,,,,,,,,,,,,,,,,,,,,,,,,,,,,
27/05/2020 11:06:55 a.m.,PV27,Punto Verde,27,Regular,2.00,Plástico,Medio,2.00,Sí,Regular,,,,,,,,,,,,,,,,,,,,,,,,,,,,,
27/05/2020 11:06:55 a.m.,PV27,Punto Verde,27,Regular,2.00,Papel,Medio,2.00,Sí,Regular,,,,,,,,,,,,,,,,,,,,,,,,,,,,,
27/05/2020 11:06:55 a.m.,PV27,Punto Verde,27,Regular,2.00,"Vidrio, Metal, Tetra",Medio,2.00,Sí,Regular,,,,,,,,,,,,,,,,,,,,,,,,,,,,,
27/05/2020 11:07:18 a.m.,PV29,Punto Verde,29,Regular,2.00,Plástico,Medio,2.00,Sí,Regular,,,,,,,,,,,,,,,,,,,,,,,,,,,,,
27/05/2020 11:07:18 a.m.,PV29,Punto Verde,29,Regular,2.00,Papel,Bajo,1.00,Sí,Regular,,,,,,,,,,,,,,,,,,,,,,,,,,,,,
27/05/2020 11:07:18 a.m.,PV29,Punto Verde,29,Regular,2.00,"Vidrio, Metal, Tetra",Bajo,1.00,Sí,Regular,,,,,,,,,,,,,,,,,,,,,,,,,,,,,
27/05/2020 11:07:42 a.m.,PV24,Punto Verde,24,Regular,2.00,Plástico,Medio,2.00,Sí,Regular,,,,,,,,,,,,,,,,,,,,,,,,,,,,,
27/05/2020 11:07:42 a.m.,PV24,Punto Verde,24,Regular,2.00,Papel,Medio,2.00,Sí,Regular,,,,,,,,,,,,,,,,,,,,,,,,,,,,,
27/05/2020 11:07:42 a.m.,PV24,Punto Verde,24,Regular,2.00,"Vidrio, Metal, Tetra",Medio,2.00,Sí,Regular,,,,,,,,,,,,,,,,,,,,,,,,,,,,,
27/05/2020 11:09:59 a.m.,PV32,Punto Verde,32,Regular,2.00,Plástico,Medio,2.00,Sí,Regular,,,,,,,,,,,,,,,,,,,,,,,,,,,,,
27/05/2020 11:09:59 a.m.,PV32,Punto Verde,32,Regular,2.00,Papel,Medio,2.00,Sí,Regular,,,,,,,,,,,,,,,,,,,,,,,,,,,,,
27/05/2020 11:09:59 a.m.,PV32,Punto Verde,32,Regular,2.00,"Vidrio, Metal, Tetra",Medio,2.00,Sí,Regular,,,,,,,,,,,,,,,,,,,,,,,,,,,,,
27/05/2020 11:10:54 a.m.,PV33,Punto Verde,33,Regular,2.00,Plástico,Medio,2.00,Sí,Regular,,,,,,,,,,,,,,,,,,,,,,,,,,,,,
27/05/2020 11:10:54 a.m.,PV33,Punto Verde,33,Regular,2.00,"Vidrio, Metal, Tetra",Medio,2.00,Sí,Regular,,,,,,,,,,,,,,,,,,,,,,,,,,,,,
27/05/2020 11:10:54 a.m.,PV33,Punto Verde,33,Regular,2.00,Papel,Bajo,1.00,Sí,Regular,,,,,,,,,,,,,,,,,,,,,,,,,,,,,
27/05/2020 11:11:46 a.m.,PV13,Punto Verde,13,Regular,2.00,Plástico,Medio,2.00,Sí,Regular,,,,,,,,,,,,,,,,,,,,,,,,,,,,,
27/05/2020 11:11:46 a.m.,PV13,Punto Verde,13,Regular,2.00,Papel,Medio,2.00,Sí,Regular,,,,,,,,,,,,,,,,,,,,,,,,,,,,,
27/05/2020 11:11:46 a.m.,PV13,Punto Verde,13,Regular,2.00,"Vidrio, Metal, Tetra",Medio,2.00,Sí,Regular,,,,,,,,,,,,,,,,,,,,,,,,,,,,,
27/05/2020 11:13:44 a.m.,PV12,Punto Verde,12,Buena,1.00,"Vidrio, Metal, Tetra",Bajo,1.00,Sí,Buena,,,,,,,,,,,,,,,,,,,,,,,,,,,,,
27/05/2020 11:13:44 a.m.,PV12,Punto Verde,12,Buena,1.00,Papel,Medio,2.00,Sí,Buena,,,,,,,,,,,,,,,,,,,,,,,,,,,,,
27/05/2020 11:13:44 a.m.,PV12,Punto Verde,12,Buena,1.00,Plástico,Medio,2.00,Sí,Buena,,,,,,,,,,,,,,,,,,,,,,,,,,,,,
,,,,,,,,,,,,,,,,,,,,,,,,,,,,,,,,,,,,,,,
,,,,,,,,,,,,,,,,,,,,,,,,,,,,,,,,,,,,,,,
,,,,,,,,,,,,,,,,,,,,,,,,,,,,,,,,,,,,,,,
,,,,,,,,,,,,,,,,,,,,,,,,,,,,,,,,,,,,,,,
,,,,,,,,,,,,,,,,,,,,,,,,,,,,,,,,,,,,,,,
,,,,,,,,,,,,,,,,,,,,,,,,,,,,,,,,,,,,,,,
,,,,,,,,,,,,,,,,,,,,,,,,,,,,,,,,,,,,,,,
,,,,,,,,,,,,,,,,,,,,,,,,,,,,,,,,,,,,,,,
,,,,,,,,,,,,,,,,,,,,,,,,,,,,,,,,,,,,,,,
,,,,,,,,,,,,,,,,,,,,,,,,,,,,,,,,,,,,,,,
,,,,,,,,,,,,,,,,,,,,,,,,,,,,,,,,,,,,,,,
,,,,,,,,,,,,,,,,,,,,,,,,,,,,,,,,,,,,,,,
,,,,,,,,,,,,,,,,,,,,,,,,,,,,,,,,,,,,,,,
,,,,,,,,,,,,,,,,,,,,,,,,,,,,,,,,,,,,,,,
,,,,,,,,,,,,,,,,,,,,,,,,,,,,,,,,,,,,,,,
,,,,,,,,,,,,,,,,,,,,,,,,,,,,,,,,,,,,,,,
,,,,,,,,,,,,,,,,,,,,,,,,,,,,,,,,,,,,,,,
,,,,,,,,,,,,,,,,,,,,,,,,,,,,,,,,,,,,,,,
,,,,,,,,,,,,,,,,,,,,,,,,,,,,,,,,,,,,,,,
,,,,,,,,,,,,,,,,,,,,,,,,,,,,,,,,,,,,,,,
,,,,,,,,,,,,,,,,,,,,,,,,,,,,,,,,,,,,,,,
,,,,,,,,,,,,,,,,,,,,,,,,,,,,,,,,,,,,,,,
,,,,,,,,,,,,,,,,,,,,,,,,,,,,,,,,,,,,,,,
,,,,,,,,,,,,,,,,,,,,,,,,,,,,,,,,,,,,,,,
,,,,,,,,,,,,,,,,,,,,,,,,,,,,,,,,,,,,,,,
,,,,,,,,,,,,,,,,,,,,,,,,,,,,,,,,,,,,,,,
,,,,,,,,,,,,,,,,,,,,,,,,,,,,,,,,,,,,,,,
,,,,,,,,,,,,,,,,,,,,,,,,,,,,,,,,,,,,,,,
,,,,,,,,,,,,,,,,,,,,,,,,,,,,,,,,,,,,,,,
,,,,,,,,,,,,,,,,,,,,,,,,,,,,,,,,,,,,,,,
,,,,,,,,,,,,,,,,,,,,,,,,,,,,,,,,,,,,,,,
,,,,,,,,,,,,,,,,,,,,,,,,,,,,,,,,,,,,,,,
,,,,,,,,,,,,,,,,,,,,,,,,,,,,,,,,,,,,,,,
,,,,,,,,,,,,,,,,,,,,,,,,,,,,,,,,,,,,,,,
,,,,,,,,,,,,,,,,,,,,,,,,,,,,,,,,,,,,,,,
,,,,,,,,,,,,,,,,,,,,,,,,,,,,,,,,,,,,,,,
,,,,,,,,,,,,,,,,,,,,,,,,,,,,,,,,,,,,,,,
,,,,,,,,,,,,,,,,,,,,,,,,,,,,,,,,,,,,,,,
,,,,,,,,,,,,,,,,,,,,,,,,,,,,,,,,,,,,,,,
,,,,,,,,,,,,,,,,,,,,,,,,,,,,,,,,,,,,,,,
,,,,,,,,,,,,,,,,,,,,,,,,,,,,,,,,,,,,,,,
,,,,,,,,,,,,,,,,,,,,,,,,,,,,,,,,,,,,,,,
,,,,,,,,,,,,,,,,,,,,,,,,,,,,,,,,,,,,,,,
,,,,,,,,,,,,,,,,,,,,,,,,,,,,,,,,,,,,,,,
,,,,,,,,,,,,,,,,,,,,,,,,,,,,,,,,,,,,,,,
,,,,,,,,,,,,,,,,,,,,,,,,,,,,,,,,,,,,,,,
,,,,,,,,,,,,,,,,,,,,,,,,,,,,,,,,,,,,,,,
,,,,,,,,,,,,,,,,,,,,,,,,,,,,,,,,,,,,,,,
,,,,,,,,,,,,,,,,,,,,,,,,,,,,,,,,,,,,,,,
,,,,,,,,,,,,,,,,,,,,,,,,,,,,,,,,,,,,,,,
,,,,,,,,,,,,,,,,,,,,,,,,,,,,,,,,,,,,,,,
,,,,,,,,,,,,,,,,,,,,,,,,,,,,,,,,,,,,,,,
,,,,,,,,,,,,,,,,,,,,,,,,,,,,,,,,,,,,,,,
,,,,,,,,,,,,,,,,,,,,,,,,,,,,,,,,,,,,,,,
,,,,,,,,,,,,,,,,,,,,,,,,,,,,,,,,,,,,,,,
,,,,,,,,,,,,,,,,,,,,,,,,,,,,,,,,,,,,,,,
,,,,,,,,,,,,,,,,,,,,,,,,,,,,,,,,,,,,,,,
,,,,,,,,,,,,,,,,,,,,,,,,,,,,,,,,,,,,,,,
,,,,,,,,,,,,,,,,,,,,,,,,,,,,,,,,,,,,,,,
,,,,,,,,,,,,,,,,,,,,,,,,,,,,,,,,,,,,,,,
,,,,,,,,,,,,,,,,,,,,,,,,,,,,,,,,,,,,,,,
,,,,,,,,,,,,,,,,,,,,,,,,,,,,,,,,,,,,,,,
,,,,,,,,,,,,,,,,,,,,,,,,,,,,,,,,,,,,,,,
,,,,,,,,,,,,,,,,,,,,,,,,,,,,,,,,,,,,,,,
,,,,,,,,,,,,,,,,,,,,,,,,,,,,,,,,,,,,,,,
,,,,,,,,,,,,,,,,,,,,,,,,,,,,,,,,,,,,,,,
,,,,,,,,,,,,,,,,,,,,,,,,,,,,,,,,,,,,,,,
,,,,,,,,,,,,,,,,,,,,,,,,,,,,,,,,,,,,,,,
,,,,,,,,,,,,,,,,,,,,,,,,,,,,,,,,,,,,,,,
,,,,,,,,,,,,,,,,,,,,,,,,,,,,,,,,,,,,,,,
,,,,,,,,,,,,,,,,,,,,,,,,,,,,,,,,,,,,,,,
,,,,,,,,,,,,,,,,,,,,,,,,,,,,,,,,,,,,,,,
,,,,,,,,,,,,,,,,,,,,,,,,,,,,,,,,,,,,,,,
,,,,,,,,,,,,,,,,,,,,,,,,,,,,,,,,,,,,,,,
,,,,,,,,,,,,,,,,,,,,,,,,,,,,,,,,,,,,,,,
,,,,,,,,,,,,,,,,,,,,,,,,,,,,,,,,,,,,,,,
,,,,,,,,,,,,,,,,,,,,,,,,,,,,,,,,,,,,,,,
,,,,,,,,,,,,,,,,,,,,,,,,,,,,,,,,,,,,,,,
,,,,,,,,,,,,,,,,,,,,,,,,,,,,,,,,,,,,,,,
,,,,,,,,,,,,,,,,,,,,,,,,,,,,,,,,,,,,,,,
,,,,,,,,,,,,,,,,,,,,,,,,,,,,,,,,,,,,,,,
,,,,,,,,,,,,,,,,,,,,,,,,,,,,,,,,,,,,,,,
,,,,,,,,,,,,,,,,,,,,,,,,,,,,,,,,,,,,,,,
,,,,,,,,,,,,,,,,,,,,,,,,,,,,,,,,,,,,,,,
,,,,,,,,,,,,,,,,,,,,,,,,,,,,,,,,,,,,,,,
,,,,,,,,,,,,,,,,,,,,,,,,,,,,,,,,,,,,,,,
,,,,,,,,,,,,,,,,,,,,,,,,,,,,,,,,,,,,,,,
,,,,,,,,,,,,,,,,,,,,,,,,,,,,,,,,,,,,,,,
,,,,,,,,,,,,,,,,,,,,,,,,,,,,,,,,,,,,,,,
,,,,,,,,,,,,,,,,,,,,,,,,,,,,,,,,,,,,,,,
,,,,,,,,,,,,,,,,,,,,,,,,,,,,,,,,,,,,,,,
,,,,,,,,,,,,,,,,,,,,,,,,,,,,,,,,,,,,,,,
,,,,,,,,,,,,,,,,,,,,,,,,,,,,,,,,,,,,,,,
,,,,,,,,,,,,,,,,,,,,,,,,,,,,,,,,,,,,,,,
,,,,,,,,,,,,,,,,,,,,,,,,,,,,,,,,,,,,,,,
,,,,,,,,,,,,,,,,,,,,,,,,,,,,,,,,,,,,,,,
,,,,,,,,,,,,,,,,,,,,,,,,,,,,,,,,,,,,,,,
,,,,,,,,,,,,,,,,,,,,,,,,,,,,,,,,,,,,,,,
,,,,,,,,,,,,,,,,,,,,,,,,,,,,,,,,,,,,,,,
,,,,,,,,,,,,,,,,,,,,,,,,,,,,,,,,,,,,,,,
,,,,,,,,,,,,,,,,,,,,,,,,,,,,,,,,,,,,,,,
,,,,,,,,,,,,,,,,,,,,,,,,,,,,,,,,,,,,,,,
,,,,,,,,,,,,,,,,,,,,,,,,,,,,,,,,,,,,,,,
,,,,,,,,,,,,,,,,,,,,,,,,,,,,,,,,,,,,,,,
,,,,,,,,,,,,,,,,,,,,,,,,,,,,,,,,,,,,,,,
,,,,,,,,,,,,,,,,,,,,,,,,,,,,,,,,,,,,,,,
,,,,,,,,,,,,,,,,,,,,,,,,,,,,,,,,,,,,,,,
,,,,,,,,,,,,,,,,,,,,,,,,,,,,,,,,,,,,,,,
,,,,,,,,,,,,,,,,,,,,,,,,,,,,,,,,,,,,,,,
,,,,,,,,,,,,,,,,,,,,,,,,,,,,,,,,,,,,,,,
,,,,,,,,,,,,,,,,,,,,,,,,,,,,,,,,,,,,,,,
,,,,,,,,,,,,,,,,,,,,,,,,,,,,,,,,,,,,,,,
,,,,,,,,,,,,,,,,,,,,,,,,,,,,,,,,,,,,,,,
,,,,,,,,,,,,,,,,,,,,,,,,,,,,,,,,,,,,,,,
,,,,,,,,,,,,,,,,,,,,,,,,,,,,,,,,,,,,,,,
,,,,,,,,,,,,,,,,,,,,,,,,,,,,,,,,,,,,,,,
,,,,,,,,,,,,,,,,,,,,,,,,,,,,,,,,,,,,,,,
,,,,,,,,,,,,,,,,,,,,,,,,,,,,,,,,,,,,,,,
,,,,,,,,,,,,,,,,,,,,,,,,,,,,,,,,,,,,,,,
,,,,,,,,,,,,,,,,,,,,,,,,,,,,,,,,,,,,,,,
,,,,,,,,,,,,,,,,,,,,,,,,,,,,,,,,,,,,,,,
,,,,,,,,,,,,,,,,,,,,,,,,,,,,,,,,,,,,,,,
,,,,,,,,,,,,,,,,,,,,,,,,,,,,,,,,,,,,,,,
,,,,,,,,,,,,,,,,,,,,,,,,,,,,,,,,,,,,,,,
,,,,,,,,,,,,,,,,,,,,,,,,,,,,,,,,,,,,,,,
,,,,,,,,,,,,,,,,,,,,,,,,,,,,,,,,,,,,,,,
,,,,,,,,,,,,,,,,,,,,,,,,,,,,,,,,,,,,,,,
,,,,,,,,,,,,,,,,,,,,,,,,,,,,,,,,,,,,,,,
,,,,,,,,,,,,,,,,,,,,,,,,,,,,,,,,,,,,,,,
,,,,,,,,,,,,,,,,,,,,,,,,,,,,,,,,,,,,,,,
,,,,,,,,,,,,,,,,,,,,,,,,,,,,,,,,,,,,,,,
,,,,,,,,,,,,,,,,,,,,,,,,,,,,,,,,,,,,,,,
,,,,,,,,,,,,,,,,,,,,,,,,,,,,,,,,,,,,,,,
,,,,,,,,,,,,,,,,,,,,,,,,,,,,,,,,,,,,,,,
,,,,,,,,,,,,,,,,,,,,,,,,,,,,,,,,,,,,,,,
,,,,,,,,,,,,,,,,,,,,,,,,,,,,,,,,,,,,,,,
,,,,,,,,,,,,,,,,,,,,,,,,,,,,,,,,,,,,,,,
,,,,,,,,,,,,,,,,,,,,,,,,,,,,,,,,,,,,,,,
,,,,,,,,,,,,,,,,,,,,,,,,,,,,,,,,,,,,,,,
,,,,,,,,,,,,,,,,,,,,,,,,,,,,,,,,,,,,,,,
,,,,,,,,,,,,,,,,,,,,,,,,,,,,,,,,,,,,,,,
,,,,,,,,,,,,,,,,,,,,,,,,,,,,,,,,,,,,,,,
,,,,,,,,,,,,,,,,,,,,,,,,,,,,,,,,,,,,,,,
,,,,,,,,,,,,,,,,,,,,,,,,,,,,,,,,,,,,,,,
,,,,,,,,,,,,,,,,,,,,,,,,,,,,,,,,,,,,,,,
,,,,,,,,,,,,,,,,,,,,,,,,,,,,,,,,,,,,,,,
,,,,,,,,,,,,,,,,,,,,,,,,,,,,,,,,,,,,,,,
,,,,,,,,,,,,,,,,,,,,,,,,,,,,,,,,,,,,,,,
,,,,,,,,,,,,,,,,,,,,,,,,,,,,,,,,,,,,,,,
,,,,,,,,,,,,,,,,,,,,,,,,,,,,,,,,,,,,,,,
,,,,,,,,,,,,,,,,,,,,,,,,,,,,,,,,,,,,,,,
,,,,,,,,,,,,,,,,,,,,,,,,,,,,,,,,,,,,,,,
,,,,,,,,,,,,,,,,,,,,,,,,,,,,,,,,,,,,,,,
,,,,,,,,,,,,,,,,,,,,,,,,,,,,,,,,,,,,,,,
,,,,,,,,,,,,,,,,,,,,,,,,,,,,,,,,,,,,,,,
,,,,,,,,,,,,,,,,,,,,,,,,,,,,,,,,,,,,,,,
,,,,,,,,,,,,,,,,,,,,,,,,,,,,,,,,,,,,,,,
,,,,,,,,,,,,,,,,,,,,,,,,,,,,,,,,,,,,,,,
,,,,,,,,,,,,,,,,,,,,,,,,,,,,,,,,,,,,,,,
,,,,,,,,,,,,,,,,,,,,,,,,,,,,,,,,,,,,,,,
,,,,,,,,,,,,,,,,,,,,,,,,,,,,,,,,,,,,,,,
,,,,,,,,,,,,,,,,,,,,,,,,,,,,,,,,,,,,,,,
,,,,,,,,,,,,,,,,,,,,,,,,,,,,,,,,,,,,,,,
,,,,,,,,,,,,,,,,,,,,,,,,,,,,,,,,,,,,,,,
,,,,,,,,,,,,,,,,,,,,,,,,,,,,,,,,,,,,,,,
,,,,,,,,,,,,,,,,,,,,,,,,,,,,,,,,,,,,,,,
,,,,,,,,,,,,,,,,,,,,,,,,,,,,,,,,,,,,,,,
,,,,,,,,,,,,,,,,,,,,,,,,,,,,,,,,,,,,,,,
,,,,,,,,,,,,,,,,,,,,,,,,,,,,,,,,,,,,,,,
,,,,,,,,,,,,,,,,,,,,,,,,,,,,,,,,,,,,,,,
,,,,,,,,,,,,,,,,,,,,,,,,,,,,,,,,,,,,,,,
,,,,,,,,,,,,,,,,,,,,,,,,,,,,,,,,,,,,,,,
,,,,,,,,,,,,,,,,,,,,,,,,,,,,,,,,,,,,,,,
,,,,,,,,,,,,,,,,,,,,,,,,,,,,,,,,,,,,,,,
